,Country,Year,Biogas CHP,Coal and peat CHP,Liquid biofuels CHP,Natural gas CHP,Nuclear CHP,Oil CHP,Other non-renewable energy CHP,Renewable municipal waste CHP,Solid biofuels CHP,Biogas comm,Coal and peat comm,Geothermal energy comm,Liquid biofuels comm,Natural gas comm,Oil comm,Other non-renewable energy comm,Other renewable energy comm,Renewable municipal waste comm,Solar thermal energy comm,Solid biofuels comm,Solid Fossil Fuels Dependency,Oil and Petroleum (no boifuel) Dependency,Natural Gas Dependency,Biogas Cap,Fossil fuels n.e.s. Cap,Geothermal energy Cap,Liquid biofuels Cap,Marine energy Cap,Mixed Hydro Plants Cap,Nuclear Cap,Offshore wind energy Cap,Onshore wind energy Cap,Other non-renewable energy Cap,Pumped storage Cap,Renewable hydropower Cap,Renewable municipal waste Cap,Solar photovoltaic Cap,Solid biofuels Cap,Medium Household Electricity Prices (kW-hr),Medium Household Gas Prices (gJ),Population,Multiple renewables* Inv,Onshore wind energy Inv
11,Austria,2011,220.897,3199.89,23.295,21942.3,0.0,3871.15,3241.92,1687.52,15743.086,66.163,0.0,523.579,0.0,8896.67,1047.13,1226.0,0.0,564.31,72.774,16225.653,89.586,92.321,104.32,372.2,5257.36,0.92,7.34,0.0,5033.22,0.0,0.0,1105.97,671.19,0.0,8144.17,241.95,174.07,1627.97,0.1986,19.29,8391643,0.0,344.24
12,Austria,2012,217.165,3110.26,0.0,22829.3,0.0,3704.43,3135.83,1477.42,16788.218,81.462,0.0,577.944,0.0,10254.2,1366.0,1206.56,0.0,581.903,90.587,18337.159,102.771,92.244,87.297,272.94,5705.06,0.92,5.51,0.0,5108.22,0.0,0.0,1337.15,784.39,0.0,8200.67,287.65,337.48,1105.46,0.1975,21.05,8429991,0.0,88.13
13,Austria,2013,186.185,3285.5,0.0,21786.3,0.0,3243.06,4039.6,1348.24,16146.852,79.273,0.0,593.476,11.324,12545.5,1293.91,1201.26,0.0,601.21,86.536,18891.191,94.087,92.439,74.713,194.04,5874.35,0.92,6.36,0.0,5111.22,0.0,0.0,1674.54,788.33,0.0,8272.18,289.58,625.97,1017.35,0.2082,21.32,8479823,0.0,204.76
14,Austria,2014,123.939,3367.82,0.0,18439.0,0.0,2309.33,4162.88,1511.26,13879.355,70.407,0.0,519.09,20.011,11297.0,1377.2,1204.59,0.0,608.532,79.65,19827.235,101.727,91.424,98.277,188.87,5750.34,0.92,1.02,0.0,5210.63,0.0,0.0,2110.28,698.06,0.0,8321.63,261.82,785.25,958.88,0.2021,20.78,8546356,0.0,73.45
15,Austria,2015,77.056,3910.95,0.0,19028.6,0.0,3878.8,4708.09,1834.34,15158.394,68.275,0.0,578.034,23.471,10290.3,1129.59,1156.98,0.0,569.598,93.993,20269.334,86.926,93.843,72.601,191.41,5525.5,0.92,3.39,0.0,5193.39,0.0,0.0,2488.73,743.16,0.0,8456.27,262.92,937.1,938.62,0.2009,20.28,8642699,30.49,92.22
16,Austria,2016,177.28,3637.46,0.0,21163.6,0.0,4311.45,4895.36,2014.35,14588.63,67.645,0.0,586.594,22.3,10010.2,1128.35,1158.36,0.0,572.08,90.246,20889.497,95.008,91.806,85.895,202.3,5173.15,0.92,2.97,0.0,5623.39,0.0,0.0,2730.0,707.06,0.0,8492.92,270.82,1096.02,916.7,0.2034,19.17,8736668,0.0,58.07
17,Austria,2017,111.407,3913.47,0.0,21689.5,0.0,3878.3,5065.3,2129.24,15574.171,48.224,0.0,590.977,25.263,10564.9,965.953,1201.6,0.0,611.805,92.672,22196.274,99.885,92.216,90.221,180.08,4615.85,0.92,1.2,0.0,5644.28,0.0,0.0,2886.7,706.96,0.0,8505.67,270.72,1268.97,837.77,0.195,18.71,8797566,167.71,41.93
18,Austria,2018,249.561,3294.08,0.0,21981.7,0.0,2289.79,4785.05,2091.36,14784.471,46.046,0.0,573.463,21.214,8538.18,892.597,1182.78,0.0,599.787,93.394,22637.974,97.607,93.986,88.16,175.4,4556.06,0.92,1.32,0.0,5665.28,0.0,0.0,3132.71,705.86,0.0,8850.97,269.62,1455.14,824.25,0.1966,18.585,8840521,0.0,38.06
19,Austria,2019,158.883,4251.93,0.0,22675.7,0.0,1983.01,4981.79,2443.51,14963.071,29.452,0.0,469.882,0.0,6941.23,353.654,1212.72,0.0,604.686,91.125,22428.374,96.661,95.658,122.849,163.74,4420.48,0.92,0.52,0.0,5673.28,0.0,0.0,3224.12,707.86,0.0,8923.83,271.62,1702.1,813.43,0.2034,18.34,8879920,0.0,0.0
20,Austria,2020,181.115,2932.0,0.0,22316.4,0.0,2142.14,4954.63,2668.92,14622.071,52.502,0.0,514.546,0.0,6340.99,391.197,1184.16,0.0,582.603,90.785,25028.774,97.807,97.49,73.38,164.58,4479.87,0.92,0.46,0.0,5731.3,0.0,0.0,3225.98,706.26,0.0,8903.21,270.02,2042.94,816.2,0.2111,17.9895,8916864,0.0,194.63
21,Austria,2021,149.12,1262.98,0.0,25342.1,0.0,2296.29,5355.91,3079.8,15406.771,50.476,0.0,551.946,0.0,7434.5,983.18,1203.39,0.0,581.627,97.262,27660.574,99.412,90.37,51.016,166.21,4650.16,0.92,0.07,0.0,5761.28,0.0,0.0,3407.81,621.86,0.0,8986.65,240.12,2782.61,764.7,0.2216,17.6667,8955797,0.0,0.0
34,Belgium,2011,201.6,0.0,64.8,29717.0,0.0,694.0,8004.9,640.9,295.0,0.0,0.0,38.3,0.0,754.2,0.0,1.9,0.0,1.7,0.0,0.0,100.837,100.535,100.501,129.0,9023.0,0.0,81.0,0.0,0.0,5927.0,196.5,872.5,234.0,1307.0,119.0,120.0,1978.6,701.0,0.2136,17.6,11038264,0.0,0.0
35,Belgium,2012,265.4,0.0,158.9,29116.7,0.0,459.0,10037.4,647.0,316.4,0.0,0.0,41.3,0.0,102.3,0.0,1.9,0.0,1.7,0.0,0.0,94.278,99.213,98.614,141.0,8241.0,0.0,55.0,0.0,0.0,5927.0,381.0,985.9,244.5,1307.0,120.0,111.5,2646.6,678.0,0.2327,19.13,11106932,0.0,0.0
36,Belgium,2013,217.6,0.0,142.1,24779.3,0.0,473.5,11304.0,1015.0,304.0,0.0,0.0,47.3,0.0,47.8,0.0,1.9,0.0,1.7,0.0,0.0,93.942,101.92,100.516,151.0,7746.0,0.0,50.0,0.0,0.0,5927.0,707.7,1061.3,202.5,1307.0,119.0,123.5,2901.6,640.0,0.2173,18.32,11159407,0.0,0.0
37,Belgium,2014,316.5,0.0,124.9,22253.9,0.0,229.7,11444.4,1227.4,310.9,0.0,0.0,46.9,0.0,141.3,3.0,1.9,0.0,1.7,0.0,0.0,99.292,100.992,101.176,181.0,7504.2,0.0,51.0,0.0,0.0,5927.0,707.7,1225.0,186.55,1307.0,121.0,123.65,3015.0,557.6,0.2097,18.27,11209057,0.0,0.0
38,Belgium,2015,526.1,0.0,117.6,22186.1,0.0,395.8,10745.2,1218.6,246.0,0.0,0.0,50.2,0.0,48.9,0.0,1.9,0.0,1.7,0.0,0.0,95.73,103.78,99.324,178.9,7395.2,0.0,48.8,0.0,0.0,5913.0,712.0,1469.3,184.6,1307.0,112.0,124.2,3131.6,591.3,0.2126,16.23,11274196,0.0,0.0
39,Belgium,2016,496.3,0.0,14.0,21350.9,0.0,375.5,12900.3,1123.4,266.5,0.0,0.0,52.4,0.0,91.8,0.0,1.0,0.0,0.9,0.0,0.0,93.824,98.694,100.559,187.5,7288.7,0.0,44.9,0.0,0.0,5913.0,712.2,1621.6,186.95,1307.0,109.1,124.65,3328.8,566.3,0.2544,15.19,11331422,6.35,0.0
40,Belgium,2017,385.0,0.0,17.1,18137.7,0.0,395.1,12882.9,1089.5,282.0,0.0,0.0,50.7,0.0,91.0,0.0,3.5,0.0,4.2,0.0,0.0,94.644,97.055,98.41,182.5,7265.3,0.0,45.3,0.0,0.0,5918.0,877.2,1902.2,189.7,1307.0,107.0,125.3,3620.6,559.2,0.2857,14.5114,11375158,0.0,0.0
41,Belgium,2018,471.0,0.0,63.2,20058.5,0.0,306.9,11942.8,1161.5,256.5,0.0,0.0,52.5,0.0,112.5,0.0,3.5,0.0,4.4,0.0,0.0,103.763,100.677,100.551,190.2,7013.3,0.0,45.2,0.0,0.0,5918.0,1185.9,2119.0,188.4,1307.0,107.8,125.2,4000.0,526.3,0.2824,14.8847,11427054,0.0,0.0
42,Belgium,2019,539.6,0.0,74.7,16420.1,0.0,8.4,11752.0,1290.3,335.3,0.0,0.0,56.2,0.0,63.5,0.0,3.0,0.0,3.8,0.0,0.0,101.77,101.483,101.798,196.6,6983.2,0.0,44.9,0.0,0.0,5930.0,1555.5,2308.0,191.75,1307.0,104.1,125.75,4636.6,539.2,0.2839,15.3755,11488980,0.0,0.0
43,Belgium,2020,800.9,0.0,31.5,15724.8,0.0,9.9,11617.4,1334.8,443.7,0.0,0.0,58.6,0.0,63.9,0.0,2.9,0.0,3.2,0.0,0.0,102.12,102.725,99.132,199.0,6974.4,0.0,23.1,0.0,0.0,5942.0,2261.8,2410.9,191.65,1307.0,105.8,136.15,5572.8,563.5,0.2792,13.7697,11538604,0.0,0.0
44,Belgium,2021,897.5,0.0,2.3,14959.8,0.0,26.1,11743.6,1709.3,883.9,0.0,0.0,66.6,0.0,74.3,0.0,14.0,0.0,15.4,0.0,0.0,92.6,95.826,99.894,203.5,6969.6,0.0,19.2,0.0,0.0,5851.0,2261.8,2686.6,202.1,1307.0,110.7,146.2,6012.4,448.0,0.2702,13.0023,11586195,0.0,0.0
57,Bulgaria,2011,0.0,21838.0,0.0,19107.0,922.0,2728.0,0.0,0.0,165.0,0.0,1000.0,0.0,0.0,9283.0,329.0,2992.0,0.0,0.0,0.0,68.0,24.457,98.637,86.088,5.0,4535.0,0.0,0.0,0.0,149.0,1892.0,0.0,541.0,0.0,864.0,2095.0,0.0,154.0,6.0,0.0826,11.944,7348328,0.0,0.0
58,Bulgaria,2012,0.0,23734.0,0.0,18122.0,940.0,4561.0,0.0,0.0,111.0,0.0,314.0,0.0,0.0,7485.0,234.0,2235.0,0.0,0.0,0.0,88.0,21.497,97.892,83.338,0.0,4898.0,0.0,0.0,0.0,149.0,1906.0,0.0,677.0,0.0,864.0,2168.0,0.0,921.99,14.0,0.0846,13.7233,7305888,0.0,0.0
59,Bulgaria,2013,9.0,21421.0,0.0,17977.0,655.0,4801.0,0.0,0.0,85.0,0.0,199.0,0.0,0.0,5711.0,129.0,1992.0,0.0,0.0,0.0,38.0,16.327,104.578,92.825,4.0,4667.0,0.0,0.0,0.0,149.0,1982.0,0.0,683.0,0.0,864.0,2190.0,0.0,1038.54,30.0,0.0924,14.2397,7265115,0.0,0.0
60,Bulgaria,2014,55.0,22652.0,0.0,16378.0,604.0,5497.0,0.0,0.0,123.0,0.0,241.0,0.0,0.0,6563.0,234.0,1645.0,0.0,0.0,0.0,187.0,14.644,98.707,94.067,10.0,4430.0,0.0,0.0,0.0,149.0,1975.0,0.0,699.0,0.0,864.0,2206.0,0.0,1028.92,30.0,0.0832,13.6261,7223938,0.0,0.0
61,Bulgaria,2015,24.0,19048.0,0.0,15002.0,635.0,5261.0,0.0,0.0,184.0,0.0,121.0,0.0,0.0,8066.0,85.0,1648.0,0.0,0.0,0.0,271.0,11.22,101.827,97.007,20.0,3937.0,0.0,0.0,0.0,149.0,1975.0,0.0,699.0,0.0,864.0,2206.0,0.0,1027.89,34.0,0.0942,13.258,7177991,0.0,0.0
62,Bulgaria,2016,135.0,16709.0,0.0,13711.0,612.0,6174.0,0.0,0.0,358.0,0.0,102.0,0.0,0.0,8145.0,79.0,1927.0,0.0,0.0,0.0,250.0,9.773,100.51,96.452,38.0,3765.0,0.0,0.0,0.0,149.0,1967.0,0.0,699.0,0.0,864.0,2210.0,0.0,1029.89,19.0,0.0956,10.226,7127822,0.0,0.0
63,Bulgaria,2017,138.59,14076.0,0.0,13570.2,696.204,3664.71,0.0,0.0,414.213,0.0,160.593,0.0,0.0,9347.44,82.094,1847.65,0.0,0.0,0.0,169.671,9.362,101.588,97.609,29.03,3733.36,0.0,0.0,0.0,149.0,1967.0,0.0,698.39,0.0,864.0,2358.55,0.0,1030.7,22.97,0.0955,9.1778,7075947,0.0,0.0
64,Bulgaria,2018,170.768,8097.13,0.0,13821.7,717.736,37.201,0.0,0.0,4305.963,0.0,287.964,0.0,0.0,8423.42,1.735,1864.81,0.0,0.0,0.0,240.573,10.409,95.744,98.729,36.41,4150.98,0.0,0.0,0.0,149.0,2008.0,0.0,698.92,0.0,864.0,2366.0,0.0,1033.06,33.02,0.0979,10.5356,7025037,0.0,0.0
65,Bulgaria,2019,216.468,7604.36,0.0,14975.3,660.089,48.532,35.731,134.038,5922.333,0.0,0.0,0.0,0.0,6410.17,1.44,2404.76,0.0,0.0,0.0,383.895,7.471,102.601,100.398,33.36,4040.36,0.0,0.0,0.0,149.0,2006.0,0.0,703.12,0.0,864.0,2365.35,0.0,1044.39,23.51,0.0997,12.4631,6975761,0.0,0.0
66,Bulgaria,2020,188.055,7860.58,0.0,15044.3,547.697,43.514,24.18,0.498,5533.623,0.0,0.144,0.0,0.0,6764.52,2.033,2652.39,0.0,0.0,0.0,367.547,9.608,97.511,96.42,32.99,3758.4,0.0,0.0,0.0,149.0,2006.0,0.0,702.8,0.0,864.0,2363.46,0.0,1100.21,15.06,0.0997,11.011,6934015,0.0,0.0
67,Bulgaria,2021,160.302,6319.82,0.0,16351.0,652.752,67.451,0.0,0.0,7740.533,0.0,0.263,0.0,0.0,6623.76,4.088,2520.47,0.0,0.0,0.0,565.14,10.454,97.208,96.239,33.41,3806.67,0.0,0.0,0.0,149.0,2006.0,0.0,704.38,0.0,864.0,2356.23,0.0,1274.71,13.91,0.1024,10.2154,6877743,19.67,0.0
103,Cyprus,2011,31.0,0.0,0.0,0.0,0.0,0.0,0.0,0.0,0.0,0.0,0.0,0.0,0.0,0.0,0.0,0.0,0.0,0.0,0.0,0.0,1.659,95.79,0.0,9.0,1582.0,0.0,0.0,0.0,0.0,0.0,0.0,134.23,0.0,0.0,0.0,0.0,10.0,0.0,0.205,:,1145086,0.0,0.0
104,Cyprus,2012,31.0,0.0,0.0,0.0,0.0,0.0,0.0,0.0,0.0,0.0,0.0,0.0,0.0,0.0,0.0,0.0,0.0,0.0,0.0,0.0,100.0,100.98,0.0,9.0,1552.0,0.0,0.0,0.0,0.0,0.0,0.0,147.23,0.0,0.0,0.0,0.0,17.0,0.0,0.2781,:,1156556,0.0,0.0
105,Cyprus,2013,42.0,0.0,0.0,0.0,0.0,0.0,0.0,0.0,0.0,0.0,0.0,0.0,0.0,0.0,0.0,0.0,0.0,0.0,0.0,0.0,100.0,100.817,0.0,10.0,1507.0,0.0,0.0,0.0,0.0,0.0,0.0,147.23,0.0,0.0,0.0,0.0,35.0,0.0,0.276,:,1166968,0.0,0.0
106,Cyprus,2014,45.0,0.0,0.0,0.0,0.0,0.0,0.0,0.0,0.0,0.0,0.0,0.0,0.0,0.0,0.0,0.0,0.0,0.0,0.0,0.0,125.002,97.867,0.0,10.0,1503.0,0.0,0.0,0.0,0.0,0.0,0.0,147.23,0.0,0.0,0.0,0.0,64.0,0.0,0.2291,:,1176995,0.0,0.0
107,Cyprus,2015,51.0,0.0,0.0,0.0,0.0,0.0,0.0,0.0,0.0,0.0,0.0,0.0,0.0,0.0,0.0,0.0,0.0,0.0,0.0,0.0,100.0,102.824,0.0,10.0,1512.0,0.0,0.0,0.0,0.0,0.0,0.0,157.73,0.0,0.0,0.0,0.0,76.0,0.0,0.1957,:,1187280,0.0,0.0
108,Cyprus,2016,50.0,0.0,0.0,0.0,0.0,0.0,0.0,0.0,0.0,0.0,0.0,0.0,0.0,0.0,0.0,0.0,0.0,0.0,0.0,0.0,0.0,100.671,0.0,10.0,1508.0,0.0,0.0,0.0,0.0,0.0,0.0,157.73,0.0,0.0,0.0,0.0,84.0,0.0,0.1527,:,1197881,0.0,0.0
109,Cyprus,2017,53.89,0.0,0.0,0.0,0.0,0.0,0.0,0.0,0.0,0.0,0.0,0.0,0.0,0.0,0.0,0.0,0.0,0.0,0.0,0.0,326.409,100.9,0.0,9.75,1507.56,0.0,0.0,0.0,0.0,0.0,0.0,157.73,0.0,0.0,0.0,0.0,110.05,0.0,0.1863,:,1208523,0.0,0.0
110,Cyprus,2018,53.85,0.0,0.0,0.0,0.0,0.0,0.0,0.0,0.0,0.0,0.0,0.0,0.0,0.0,0.0,0.0,0.0,0.0,0.0,0.0,97.544,99.23,0.0,12.72,1504.71,0.0,0.0,0.0,0.0,0.0,0.0,157.73,0.0,0.0,0.0,0.0,118.48,0.0,0.1893,:,1218831,0.0,0.0
111,Cyprus,2019,51.472,0.0,0.0,0.0,0.0,0.0,0.0,0.0,0.0,0.0,0.0,0.0,0.0,0.0,0.0,0.0,0.0,0.0,0.0,0.0,117.226,99.716,0.0,12.72,1497.51,0.0,0.0,0.0,0.0,0.0,0.0,157.73,0.0,0.0,0.0,0.0,151.26,0.0,0.2203,:,1228836,11.58,0.0
112,Cyprus,2020,37.117,0.0,0.0,0.0,0.0,0.0,0.0,0.0,0.0,0.0,0.0,0.0,0.0,0.0,0.0,0.0,0.0,0.0,0.0,0.0,105.385,101.676,0.0,12.72,1497.51,0.0,0.0,0.0,0.0,0.0,0.0,157.73,0.0,0.0,0.0,0.0,229.13,0.0,0.2133,:,1237537,0.0,0.0
113,Cyprus,2021,37.182,0.0,0.0,0.0,0.0,0.0,0.0,0.0,0.0,0.0,0.0,0.0,0.0,0.0,0.0,0.0,0.0,0.0,0.0,0.0,97.596,98.447,0.0,13.15,1497.5,0.0,0.0,0.0,0.0,0.0,0.0,157.5,0.0,0.0,0.0,0.0,314.52,0.0,0.1976,:,1244188,0.0,0.0
126,Czechia,2011,303.0,85463.0,0.0,10198.0,923.0,2569.0,1377.0,1414.0,1765.0,0.0,3611.0,0.0,0.0,25022.0,590.0,1588.0,77.0,0.0,0.0,1223.0,-11.301,95.446,110.225,177.0,11430.0,0.0,0.0,0.0,0.0,3970.0,0.0,213.0,22.5,1147.0,1050.0,21.5,1913.0,306.0,0.1659,15.1247,10496088,0.0,0.0
127,Czechia,2012,365.0,85531.0,0.0,12415.0,983.0,1932.0,1442.0,1504.0,2008.0,0.0,2776.0,0.0,0.0,24135.0,412.0,1684.0,80.0,0.0,0.0,936.0,-12.265,95.466,88.993,300.0,11312.0,0.0,0.0,0.0,0.0,4040.0,0.0,258.0,23.5,1147.0,1065.0,22.5,2022.0,330.0,0.1664,18.3111,10510785,0.0,0.0
128,Czechia,2013,487.0,84282.0,0.0,13319.0,898.0,1074.0,1466.0,1487.0,3992.0,0.0,2744.0,0.0,0.0,24501.0,326.0,1649.0,69.0,0.0,0.0,1011.0,-9.915,96.473,100.216,361.0,11497.0,0.0,0.0,0.0,0.0,4290.0,0.0,262.0,24.5,1172.0,1080.0,22.5,2063.5,306.0,0.1681,17.8029,10514272,0.0,0.0
129,Czechia,2014,565.0,72568.0,0.0,11270.0,871.0,1065.0,1554.0,1570.0,4917.0,0.0,2239.0,0.0,0.0,20200.0,246.0,1701.0,77.0,0.0,0.0,904.0,-4.517,97.614,96.272,367.0,12263.0,0.0,0.0,0.0,0.0,4290.0,0.0,278.0,24.5,1172.0,1080.0,22.5,2067.4,355.0,0.1388,15.2285,10525347,0.0,0.0
130,Czechia,2015,623.0,73892.0,0.0,11268.0,899.0,845.0,1546.0,1562.0,5159.0,0.0,2057.0,0.0,0.0,20185.0,229.0,1719.0,68.0,0.0,0.0,1255.0,-1.823,97.828,95.089,368.0,12164.0,0.0,0.0,0.0,0.0,4290.0,0.0,281.0,25.5,1172.0,1088.0,22.5,2074.9,380.0,0.1385,15.9493,10546059,0.0,0.0
131,Czechia,2016,600.0,76136.0,0.0,12517.0,883.0,798.0,1700.0,1501.0,5771.0,0.0,2034.0,0.0,0.0,22765.0,295.0,1570.0,60.0,0.0,0.0,956.0,-1.322,97.25,95.707,369.0,12284.0,0.0,0.0,0.0,0.0,4290.0,0.0,282.0,30.5,1172.0,1090.0,27.5,2067.9,376.0,0.142,16.1879,10566332,0.0,0.0
132,Czechia,2017,718.384,72546.2,0.0,11091.4,908.021,985.121,1848.5,1698.15,5822.57,0.0,1806.62,0.0,0.0,22816.0,214.377,1069.74,89.0,0.0,0.0,1338.28,2.999,97.062,101.857,372.0,12502.3,0.0,0.0,0.0,0.0,4290.0,0.0,308.21,30.5,1172.0,1092.7,27.5,2075.44,402.0,0.1438,15.2685,10594438,0.0,0.0
133,Czechia,2018,731.075,68354.1,0.0,11106.7,864.33,846.387,2083.99,1681.62,5417.22,0.0,1690.64,0.0,0.0,22521.8,230.975,1245.29,95.0,0.0,0.0,1363.13,5.826,99.469,96.838,369.0,12537.85,0.0,0.0,0.0,0.0,4290.0,0.0,316.2,30.5,1171.5,1092.52,27.5,2081.05,385.0,0.1573,15.9675,10629928,14.73,0.0
134,Czechia,2019,712.506,65388.8,0.0,10927.8,852.883,1034.88,2027.15,1647.52,6091.39,0.039,1690.65,0.0,0.0,23032.3,151.796,1132.87,109.281,0.0,0.0,1590.46,8.627,97.527,109.753,368.0,12171.07,0.0,0.0,0.0,0.0,4290.0,0.0,339.41,30.5,1171.5,1093.71,27.5,2110.67,434.0,0.1748,16.2682,10671870,0.0,0.0
135,Czechia,2020,709.993,61014.3,0.0,11925.7,786.574,772.058,2272.62,1776.65,7280.48,0.318,1245.22,0.0,0.0,22211.8,161.199,1015.13,104.625,0.0,0.0,1683.93,12.791,101.229,86.038,366.0,11508.1,0.0,0.0,0.0,0.0,4290.0,0.0,339.42,30.5,1171.5,1093.93,27.5,2171.96,452.0,0.1841,15.9069,10697858,0.0,0.0
136,Czechia,2021,737.557,64712.2,0.0,13194.7,863.492,1053.25,2185.97,1681.96,8361.62,0.507,1159.28,0.0,0.0,24107.8,216.384,974.164,117.986,0.0,0.0,2130.05,13.909,96.937,92.129,370.0,10990.35,0.0,0.0,0.0,0.0,4290.0,0.0,339.41,30.5,1171.5,1113.36,27.5,2246.09,456.0,0.1802,15.6045,10505772,0.0,0.0
149,Denmark,2011,1049.968,30987.0,0.0,26459.0,0.0,1094.0,9603.64,11737.8,20262.38,147.856,70.0,83.0,669.0,8366.0,1368.0,4170.11,7.528,1497.36,217.0,14636.11,110.953,-48.995,-55.119,77.0,8316.45,0.0,0.0,0.25,0.0,0.0,871.45,3080.53,147.45,0.0,9.26,147.45,17.0,920.65,0.2908,28.6448,5570572,0.0,0.0
150,Denmark,2012,1239.518,31834.0,0.0,19952.0,0.0,1143.0,9720.53,11880.6,23112.1,246.764,91.0,144.0,805.0,12661.0,1233.0,4119.36,22.516,1258.64,345.0,16111.76,93.645,-36.197,-53.133,79.79,7983.99,0.0,0.0,0.25,0.0,0.0,921.85,3240.09,140.34,0.0,9.26,140.34,402.0,1155.55,0.2997,27.2187,5591572,0.0,19.55
151,Denmark,2013,1298.0,32259.0,0.0,17331.0,0.0,1026.0,9642.43,11785.2,24950.9,70.161,77.0,114.0,707.0,12665.0,1038.0,3882.25,71.248,1351.52,475.0,16353.93,90.766,-15.486,-23.231,93.21,7059.0,0.0,6.96,0.0,0.0,0.0,1271.05,3547.87,166.06,0.0,8.73,166.06,571.0,918.72,0.3,27.5854,5614932,0.0,25.4
152,Denmark,2014,1575.973,24577.0,0.0,9343.94,0.0,655.0,10274.0,12557.1,24781.9,248.712,71.0,83.0,678.0,14101.2,499.0,4427.6,63.688,1370.76,736.0,16929.2,104.917,-9.845,-46.864,95.79,6711.65,0.0,0.0,0.0,0.0,0.0,1271.05,3615.35,162.6,0.0,8.62,162.6,607.0,989.36,0.3042,25.2216,5643475,4.55,0.0
153,Denmark,2015,1613.953,25977.8,0.0,7667.66,0.0,747.18,10912.0,13336.9,25209.5,309.464,72.173,70.073,508.117,16237.6,533.777,5490.59,111.093,1629.31,956.0,18644.95,84.984,5.347,-48.153,103.75,6726.93,0.0,0.76,0.0,0.0,0.0,1271.05,3805.92,165.53,0.0,6.88,165.53,782.11,973.41,0.3068,25.5584,5683483,68.61,0.0
154,Denmark,2016,1715.341,24874.0,0.0,9718.14,0.0,736.042,10976.1,13415.3,27876.5,124.035,42.761,112.45,238.839,16451.4,641.716,5375.39,128.501,1497.76,1391.99,19618.67,83.739,2.627,-44.595,106.54,6649.61,0.0,0.36,0.0,0.0,0.0,1271.05,3974.09,165.98,0.0,9.27,165.98,850.95,1031.7,0.3088,23.1489,5728010,0.0,0.0
155,Denmark,2017,1903.118,19129.4,0.0,8477.38,0.0,748.137,11348.5,13870.4,36751.1,105.213,93.348,76.237,156.166,13289.0,478.804,5929.93,174.437,1456.96,1732.5,19886.64,117.695,-5.313,-56.066,107.62,5942.51,0.0,0.51,0.0,0.0,0.0,1263.8,4225.15,181.88,0.0,7.15,181.88,906.35,1501.26,0.3049,24.672,5764980,0.0,0.0
156,Denmark,2018,1879.989,16414.6,0.0,8596.99,0.0,608.842,11503.5,14059.8,36240.4,79.275,94.14,55.054,195.241,13471.1,681.282,6323.52,413.023,1433.23,2157.44,20844.82,100.398,18.32,-38.494,107.62,5907.39,0.0,0.51,0.0,0.0,0.0,1700.8,4421.86,181.46,0.0,7.15,181.46,998.0,1484.66,0.3126,24.2095,5793636,0.0,0.0
157,Denmark,2019,1925.16,12652.0,0.0,8393.89,0.0,770.071,12112.8,14804.5,38799.4,79.015,38.906,34.249,129.334,10329.7,317.747,6838.78,636.002,1321.67,2346.86,20739.94,145.324,44.821,-7.164,120.77,5609.11,0.0,0.0,0.0,0.0,0.0,1700.8,4409.74,180.52,0.0,7.16,180.52,1080.0,1681.11,0.2984,23.7451,5814422,0.0,0.0
158,Denmark,2020,2111.492,7273.31,0.0,4681.87,0.0,650.233,12371.6,15120.8,41935.6,53.431,10.602,22.921,69.441,9485.15,257.629,8581.85,1482.45,1354.91,2662.35,20148.17,67.402,55.341,37.417,131.88,5520.41,0.0,0.0,0.0,0.0,0.0,1700.8,4566.23,177.02,0.0,7.16,177.02,1304.29,1776.93,0.2833,20.8287,5831404,23.63,0.0
159,Denmark,2021,1975.728,8822.51,0.0,6018.35,0.0,601.201,11821.3,14448.3,49358.5,83.566,34.066,27.182,154.82,8176.13,864.469,9292.81,3210.71,1330.51,2277.74,22512.6,10.942,30.557,27.759,127.67,5444.75,0.0,0.0,0.0,0.0,0.0,2305.6,4715.24,174.56,0.0,7.12,174.56,1704.04,1847.72,0.29,24.8473,5856733,0.0,0.0
172,Estonia,2011,16.0,4408.0,0.0,1376.0,0.0,26.0,0.0,0.0,3267.0,0.0,1037.0,0.0,0.0,7735.0,1215.0,0.0,0.0,0.0,0.0,3807.0,90.945,100.337,100.0,4.0,2491.0,0.0,0.0,0.0,0.0,0.0,0.0,180.0,0.0,0.0,5.0,0.0,0.2,145.0,0.0973,11.64,1327439,0.0,55.53
173,Estonia,2012,5.0,4535.0,0.0,655.0,0.0,39.0,0.0,0.0,4530.0,0.0,1174.0,0.0,0.0,9477.0,1101.0,0.0,0.0,0.0,0.0,2957.0,150.787,100.283,100.0,4.0,2482.0,0.0,0.0,0.0,0.0,0.0,0.0,266.0,0.0,0.0,8.0,0.0,0.38,163.0,0.1096,13.88,1322696,0.0,0.0
174,Estonia,2013,65.0,4853.0,0.0,247.0,0.0,13.0,654.0,0.0,4992.0,0.0,1359.0,0.0,0.0,7229.0,533.0,0.0,0.0,0.0,0.0,3083.0,88.072,103.619,100.0,6.0,2288.0,0.0,0.0,0.0,0.0,0.0,0.0,248.0,105.0,0.0,8.0,105.0,1.5,150.0,0.1351,14.57,1317997,0.0,0.0
175,Estonia,2014,56.0,4685.0,0.0,199.0,0.0,18.0,893.0,0.0,5557.0,0.0,1061.0,0.0,0.0,6873.0,411.0,0.0,0.0,0.0,0.0,2059.0,105.698,101.688,100.0,8.0,2367.0,0.0,0.0,0.0,0.0,0.0,0.0,275.0,105.0,0.0,5.0,105.0,3.34,165.0,0.1307,13.64,1314545,0.0,0.0
176,Estonia,2015,112.0,4071.06,0.0,190.0,0.0,20.0,530.0,440.0,5866.0,0.0,560.0,0.0,0.0,5361.0,604.0,0.0,0.0,0.0,0.0,3134.0,-6.784,101.744,100.0,11.0,2165.0,0.0,0.0,0.0,0.0,0.0,0.0,300.0,105.0,0.0,6.0,105.0,6.5,165.0,0.1302,12.67,1315407,0.0,0.0
177,Estonia,2016,25.0,4334.1,0.0,190.0,0.0,25.0,541.864,531.346,6295.0,0.0,334.371,0.0,0.0,4660.0,610.0,13.0,0.0,0.0,0.0,6582.0,70.045,101.507,100.0,11.0,1865.0,0.0,0.0,0.0,0.0,0.0,0.0,310.0,105.0,0.0,6.0,105.0,10.0,165.0,0.1208,9.62,1315790,0.0,0.0
178,Estonia,2017,24.154,4110.76,0.0,185.0,0.0,24.0,661.725,453.605,5520.0,0.0,493.479,0.0,0.0,5164.0,775.0,0.0,0.0,0.0,0.0,6892.0,87.172,115.048,100.0,11.0,1782.0,0.0,0.0,0.0,0.0,0.0,0.0,311.8,145.0,0.0,7.3,105.0,15.0,165.0,0.1207,11.6133,1317384,0.0,0.0
179,Estonia,2018,76.0,4316.0,0.0,208.0,0.0,35.0,857.174,207.0,7931.0,0.0,1010.0,0.0,0.0,4431.0,520.0,0.0,0.0,0.0,0.0,5298.0,85.235,84.63,100.0,9.35,2085.65,0.0,0.0,0.0,0.0,0.0,0.0,310.0,125.0,0.0,7.3,85.0,31.9,165.0,0.1348,11.1426,1321977,0.0,0.0
180,Estonia,2019,68.0,3701.73,0.0,159.455,0.0,23.0,527.238,527.238,8395.26,9.1,824.6,0.0,0.0,3921.96,198.0,0.0,0.0,0.0,0.0,3602.6,107.159,129.644,100.0,7.9,1905.1,0.0,0.0,0.0,0.0,0.0,0.0,316.0,125.0,0.0,6.0,85.0,120.6,180.0,0.1357,12.7321,1326898,0.0,0.0
181,Estonia,2020,101.662,2096.68,0.0,86.56,0.0,18.0,585.684,585.684,9437.0,15.3,480.94,0.0,0.0,2950.0,150.0,0.0,0.0,0.0,0.0,4425.0,391.794,129.961,100.0,11.0,1784.0,0.0,0.0,0.0,0.0,0.0,0.0,317.0,125.0,0.0,8.0,85.0,207.67,200.0,0.1236,12.2553,1329522,0.0,0.0
182,Estonia,2021,54.17,2920.06,0.0,158.51,0.0,13.0,930.3,589.8,9903.0,11.4,249.491,0.0,0.0,3600.0,158.0,0.0,0.0,0.0,0.0,4139.0,95.188,54.914,100.0,11.0,1272.0,0.0,0.0,0.0,0.0,0.0,0.0,315.0,125.0,0.0,6.0,85.0,394.77,200.0,0.1324,12.0958,1330932,0.0,0.0
195,Finland,2011,49.0,53937.0,0.0,30379.0,0.0,1125.0,3784.0,1694.0,42557.0,303.0,10411.0,0.0,0.0,11553.0,8343.0,3389.0,1257.0,351.0,0.0,18720.0,115.327,99.935,100.0,45.0,7797.0,0.0,0.0,0.0,0.0,2716.0,26.3,172.7,3.5,0.0,3080.0,76.0,7.0,1759.0,0.154,:,5388272,0.0,0.0
196,Finland,2012,60.0,52971.0,0.0,25048.0,0.0,1440.0,4414.0,3021.0,47835.0,289.0,12298.0,0.0,0.0,15403.0,8706.0,4006.0,1773.0,433.0,0.0,21947.0,86.827,95.631,100.0,46.0,7819.0,0.0,0.0,0.0,0.0,2732.0,26.3,230.7,10.0,0.0,3080.0,95.0,8.0,1727.0,0.1549,:,5413971,0.0,0.0
197,Finland,2013,219.0,47978.0,0.0,22230.0,0.0,1500.0,5694.0,3887.0,49437.0,314.0,11648.0,0.0,0.0,12273.0,5010.0,3449.0,1714.0,245.0,0.0,22766.0,88.331,109.192,100.0,88.0,8441.0,0.0,0.0,0.0,0.0,2752.0,26.3,420.7,15.5,0.0,3108.0,113.0,9.0,1751.0,0.1578,:,5438972,3.18,0.0
198,Finland,2014,339.0,48415.0,2.0,17274.0,0.0,1642.0,5945.0,4401.0,44158.0,321.0,10955.0,0.0,2.0,13306.0,4708.0,3973.0,2154.0,623.0,0.0,26394.0,117.482,98.175,100.0,100.0,7748.0,0.0,0.0,0.0,0.0,2752.0,26.3,600.7,53.5,0.0,3132.0,126.0,11.0,1751.0,0.1563,:,5461512,0.0,18.11
199,Finland,2015,478.0,45468.0,10.0,15868.0,0.0,2046.0,5931.0,5252.0,42383.0,285.0,10922.0,0.0,10.0,9605.0,5311.0,4230.0,3760.0,804.0,0.0,25099.0,91.309,109.478,100.0,102.0,7721.0,0.0,0.0,0.0,0.0,2752.0,32.0,973.0,59.0,0.0,3133.0,134.0,17.0,1751.0,0.1552,:,5479531,0.0,0.0
200,Finland,2016,540.0,51104.0,10.0,14081.0,0.0,665.0,6606.0,6110.0,45720.0,291.0,11667.0,0.0,59.0,11940.0,8851.0,5226.0,4029.0,937.0,0.0,27952.0,91.778,97.364,100.0,114.0,6803.0,0.0,0.0,0.0,0.0,2764.0,32.0,1533.0,59.0,0.0,3133.0,148.0,39.0,1747.0,0.1541,:,5495303,0.0,0.0
201,Finland,2017,633.0,49229.0,14.0,13215.0,0.0,3867.0,6194.0,5925.0,41679.0,253.0,10227.0,0.0,105.0,7516.0,4467.0,14432.0,4354.0,1061.0,0.0,29754.0,91.463,96.11,98.89,116.0,6889.0,0.0,0.0,0.0,0.0,2779.0,72.7,1971.3,69.0,0.0,3156.0,148.0,82.0,1966.0,0.1581,:,5508214,0.0,0.0
202,Finland,2018,577.0,47667.0,8.0,15227.0,0.0,701.0,6177.0,6141.0,37806.0,204.0,10202.0,0.0,74.0,10583.0,6079.0,13972.0,4278.0,916.0,0.0,28951.0,100.668,98.182,100.253,116.0,6792.0,0.0,0.0,0.0,0.0,2784.0,72.7,1968.3,69.0,0.0,3152.0,148.0,140.0,1966.0,0.1612,:,5515525,0.0,0.0
203,Finland,2019,648.0,43651.0,8.0,13112.0,0.0,738.0,5741.0,5777.0,37419.0,227.0,10179.0,0.0,114.0,8107.0,7184.0,15270.0,4204.0,1626.0,0.0,31270.0,98.863,95.12,100.563,116.0,6789.0,0.0,0.0,0.0,0.0,2794.0,73.0,2211.0,69.0,0.0,3157.0,148.0,222.0,1963.0,0.1734,:,5521606,6.3,0.0
204,Finland,2020,569.0,28823.0,0.0,13919.0,0.0,710.0,5267.0,5050.0,35539.0,228.0,9574.0,0.0,62.0,7859.0,6194.0,17947.0,4217.0,2237.0,0.0,32837.0,92.208,102.416,100.293,116.0,5854.0,0.0,0.0,0.0,0.0,2794.0,73.0,2513.0,69.0,0.0,3164.0,148.0,318.0,2442.0,0.174,:,5529543,28.55,0.0
205,Finland,2021,588.0,27501.0,3.0,12642.0,0.0,540.0,5633.0,5678.0,44228.0,304.0,9298.0,0.0,43.0,8002.0,8122.0,20082.0,5764.0,2270.0,0.0,42862.0,72.446,95.498,99.625,116.0,5759.0,0.0,0.0,0.0,0.0,2794.0,73.0,3184.0,69.0,0.0,3171.0,197.0,425.0,2398.0,0.1767,:,5541017,0.0,57.89
218,France,2011,234.817,2289.8,0.0,51056.5,0.0,7221.31,11154.0,7746.87,12412.4,0.0,7071.81,2990.68,0.0,20104.0,5632.0,3673.92,45.716,3044.01,0.0,5340.87,100.722,98.345,103.328,224.39,26737.64,14.9,0.0,214.73,5462.18,63130.0,0.0,6758.02,652.03,1807.66,18371.73,625.02,3003.57,332.55,0.1383,16.11,65345233,0.0,0.0
219,France,2012,420.546,2503.15,0.0,49480.9,0.0,4700.39,11709.6,8706.29,13896.4,0.0,7619.77,3183.6,0.0,24621.0,5317.0,3729.03,46.851,3473.28,0.0,6658.67,96.707,98.215,96.807,268.4,27690.64,13.5,0.0,215.91,5461.3,63130.0,0.0,7607.5,685.08,1807.66,18386.96,651.91,4358.75,362.51,0.1392,17.63,65662240,0.0,0.0
220,France,2013,718.347,1997.87,0.0,38030.1,0.0,7506.81,12198.7,9501.88,15671.1,0.664,9753.86,3879.2,0.0,27293.0,5411.0,7331.71,61.126,3825.98,0.0,12774.6,93.953,99.302,97.909,311.31,25518.87,15.0,0.0,218.49,5458.72,63130.0,0.0,8155.96,680.19,1807.66,18378.97,647.03,5277.29,450.9,0.1524,18.83,66002289,624.27,0.0
221,France,2014,959.296,1922.64,0.0,29675.2,0.0,7075.32,12929.7,9607.69,17247.8,5.808,8853.59,3789.37,0.0,20883.0,2392.0,4028.63,244.65,3498.92,0.0,14865.8,98.998,98.562,103.82,355.56,23754.3,15.0,0.0,220.01,5457.2,63130.0,0.0,9201.42,698.61,1727.66,18391.41,644.61,6034.42,464.65,0.1585,19.47,66312067,49.52,0.0
222,France,2015,1401.73,2244.36,0.032,33476.2,0.0,6888.69,12337.9,8673.8,18634.1,91.921,6557.67,3856.79,0.0,24794.0,2659.0,5107.17,500.781,4566.09,0.0,18029.9,98.388,98.599,98.506,400.45,23664.86,14.75,2.69,218.08,5408.63,63130.0,0.0,10298.18,667.8,1727.66,18415.54,603.4,7137.52,527.86,0.1676,19.46,66548272,407.24,0.0
223,France,2016,1698.75,1728.22,0.045,37293.9,0.0,7708.56,13613.1,10308.4,22687.3,15.921,7264.53,4397.25,0.0,27198.0,1034.0,6032.91,464.897,3961.85,0.0,21999.1,93.66,97.651,98.98,423.87,22552.04,16.15,3.65,219.97,5406.83,63130.0,0.0,11566.56,682.99,1727.7,18486.33,620.73,7702.08,611.57,0.1685,18.05,66724104,250.92,0.0
224,France,2017,2047.29,1610.24,0.122,37591.2,0.0,9103.78,13684.1,10550.9,23598.6,191.929,7117.13,5613.1,0.0,25359.0,1024.0,5398.14,483.493,3993.16,0.0,23624.6,101.944,99.114,98.03,462.52,19518.93,16.15,0.13,218.87,5417.93,63130.0,2.0,13497.35,676.69,1727.7,18561.31,624.82,8610.44,624.16,0.1704,17.7413,66918020,1437.55,0.0
225,France,2018,2489.01,1657.19,0.0,36494.8,0.0,7736.17,13789.7,10667.0,23127.4,119.997,4890.34,5985.53,0.0,26496.5,704.02,4564.97,950.365,3853.05,0.0,24098.7,101.006,98.038,104.715,486.53,18811.6,16.15,0.05,218.0,5418.8,63130.0,2.0,14898.14,673.88,1727.7,18580.44,622.45,9672.3,827.92,0.1748,18.4662,67158348,761.95,0.0
226,France,2019,2852.07,1533.94,0.0,38944.8,0.0,8490.46,15141.2,11464.0,24927.9,75.516,3603.4,6480.88,0.0,26501.9,613.476,5427.97,1280.08,3737.21,0.0,25261.8,99.554,98.42,104.466,522.78,17107.52,16.15,0.14,213.57,5494.23,63130.0,2.0,16424.85,672.13,1727.7,18646.45,613.49,10807.88,874.7,0.1778,20.495,67388001,845.33,0.0
227,France,2020,3137.66,1396.26,0.0,39465.2,0.0,9624.62,14711.3,11267.4,23720.8,90.193,2880.5,6750.94,0.0,27349.2,321.896,5464.89,1327.26,3780.89,0.0,22965.7,96.299,98.536,94.72,546.3,17254.9,16.15,14.57,211.52,5359.6,61400.0,2.0,17512.0,605.05,1727.66,18867.29,560.24,12055.97,809.66,0.1893,19.9882,67571107,209.88,0.0
228,France,2021,3469.86,1663.66,0.0,38968.3,0.0,8615.47,16568.9,12502.0,25770.1,127.615,2823.53,7074.7,0.0,31430.7,475.342,7103.77,1645.66,4263.03,0.0,28433.8,73.476,97.14,96.13,563.75,17787.1,16.15,9.75,211.19,5372.92,61400.0,2.0,18737.98,603.97,1727.66,19190.88,571.73,14810.38,898.75,0.1946,19.1936,67764304,579.88,0.0
241,Germany,2011,1223.0,136071.0,92.0,145447.0,0.0,1152.0,24384.0,14203.0,12421.0,182.0,17393.0,51.0,0.0,76370.0,3950.0,16964.0,0.0,10018.0,0.0,6233.0,41.563,95.5,86.754,4520.0,80284.0,6.0,345.0,0.0,1156.0,20467.0,188.0,28524.0,2440.0,5811.0,4469.0,743.0,25914.0,1554.0,0.2528,16.34,80274983,0.0,0.0
242,Germany,2012,2004.0,141880.0,126.0,146151.0,0.0,1599.0,25497.0,15381.0,12776.0,209.0,17777.0,85.0,0.0,71345.0,5807.0,17171.0,0.0,11310.0,11.0,10507.0,40.188,97.151,85.687,4921.0,80203.0,16.0,277.0,0.0,1156.0,12068.0,268.0,30711.0,2333.5,5650.0,4451.0,714.5,34075.0,1558.0,0.2595,17.7,80425823,0.0,0.0
243,Germany,2013,4654.0,155386.0,115.0,131276.0,0.0,1220.0,25204.0,18068.0,14661.0,224.0,13361.0,207.0,4.0,81617.0,4396.0,18138.0,0.0,12066.0,15.0,7695.0,44.468,96.475,86.921,5148.0,81521.0,26.0,263.0,0.0,1156.0,12068.0,508.0,32969.0,2303.0,5650.0,4433.0,930.0,36708.0,1623.0,0.2919,18.35,80645605,0.0,0.0
244,Germany,2014,6388.0,133357.0,113.0,116670.0,0.0,881.0,28688.0,19378.0,15040.0,193.0,12764.0,302.0,3.0,69641.0,2942.0,14223.0,0.0,10233.0,11.0,7461.0,44.761,95.908,89.426,5437.0,87104.0,29.0,232.0,0.0,1156.0,12074.0,994.0,37620.0,2349.0,5654.0,4424.0,944.0,37898.0,1589.0,0.2981,18.84,80982500,0.0,0.0
245,Germany,2015,9004.0,139453.0,109.0,117018.0,0.0,846.0,28589.0,18524.0,16719.0,281.0,11896.0,626.0,6.0,73052.0,4034.0,17915.0,0.0,11760.0,9.0,7698.0,45.422,96.541,90.057,5643.0,86623.0,29.0,232.0,0.0,1156.0,10799.0,3283.0,41297.0,2318.0,5666.0,4433.0,962.0,39222.0,1592.0,0.2951,18.78,81686611,114.35,0.0
246,Germany,2016,8997.0,130288.0,102.0,136983.0,0.0,1081.0,29335.0,19280.0,16749.0,320.0,10471.0,797.0,7.0,74606.0,4085.0,15676.0,0.0,11386.0,6.0,9059.0,49.609,96.374,88.56,5850.0,85125.0,33.0,231.0,0.0,1187.0,10799.0,4132.0,45303.0,2279.5,5578.0,4442.0,978.5,40677.0,1600.0,0.2969,18.36,82348669,0.0,0.0
247,Germany,2017,8729.0,120756.0,121.0,144550.0,0.0,861.0,30249.0,20451.0,16799.0,262.0,10704.0,641.0,7.0,74900.0,3697.0,16410.0,0.0,11924.0,7.0,8702.0,45.297,95.834,91.373,6147.0,84194.0,32.0,230.0,0.0,1178.0,10799.0,5406.0,50174.0,2326.0,5493.0,4449.0,1004.0,42291.0,1601.0,0.3048,16.98,82657002,0.0,0.0
248,Germany,2018,15017.0,124604.0,123.0,138577.0,0.0,751.0,32761.0,25111.0,17686.0,364.0,10103.0,1333.0,5.0,65843.0,3785.0,14799.0,0.0,10924.0,8.0,6277.0,42.117,95.484,95.893,6784.0,91401.0,35.0,230.0,0.0,1129.0,10799.0,6393.0,52328.0,2335.5,5355.0,4200.0,1062.5,45156.0,1585.0,0.2987,16.901,82905782,212.1,0.0
249,Germany,2019,16018.0,109814.0,164.0,145046.0,0.0,658.0,35020.0,25285.0,18296.0,440.0,8558.0,1732.0,2.0,60306.0,3979.0,14877.0,0.0,11193.0,13.0,6527.0,47.245,97.339,100.068,7081.0,88534.0,40.0,231.0,0.0,1129.0,9525.0,7555.0,53187.0,3007.0,5355.0,4249.0,1084.0,48912.0,1598.0,0.3088,17.5503,83092962,86.85,0.0
250,Germany,2020,17622.0,85315.0,139.0,144797.0,0.0,550.0,32427.0,24007.0,19121.0,481.0,4816.0,1940.0,27.0,58848.0,3887.0,14446.0,0.0,10652.0,41.0,6408.0,44.062,96.544,89.104,7494.0,86044.0,40.0,231.0,0.0,1134.0,8113.0,7787.0,54414.0,2529.0,5354.0,4320.0,1024.0,53669.0,1571.0,0.3043,16.5765,83160871,0.0,0.0
251,Germany,2021,10645.0,96697.0,142.0,161050.0,0.0,1154.0,36066.0,26939.0,19504.0,224.0,6220.0,1928.0,20.0,70319.0,5100.0,14351.0,0.0,10895.0,49.0,8212.0,47.788,95.552,90.686,6961.0,87426.0,46.0,230.0,0.0,1134.0,8113.0,7787.0,56046.0,2645.5,5354.0,4356.0,1067.5,59371.0,1566.0,0.3193,17.9618,83196078,62.88,0.0
264,Greece,2011,0.0,2213.0,0.0,0.0,0.0,43.0,0.0,0.0,0.0,0.0,0.0,0.0,0.0,0.0,0.0,0.0,0.0,0.0,0.0,0.0,2.939,93.929,100.031,45.0,10960.0,0.0,0.0,0.0,699.0,0.0,0.0,1640.0,43.0,0.0,2525.0,0.0,612.0,0.0,0.125,:,11104899,0.0,0.0
265,Greece,2012,2.0,1851.0,0.0,0.0,0.0,36.0,0.0,0.0,0.0,0.0,0.0,0.0,0.0,0.0,0.0,0.0,0.0,0.0,0.0,0.0,2.278,101.387,100.321,45.0,11138.0,0.0,0.0,0.0,699.0,0.0,0.0,1753.0,43.0,0.0,2537.0,0.0,1536.0,0.0,0.1391,:,11045011,0.0,0.0
266,Greece,2013,1.0,1728.0,0.0,0.0,0.0,9.0,0.0,0.0,0.0,0.0,0.0,0.0,0.0,0.0,0.0,0.0,0.0,0.0,0.0,0.0,3.222,94.73,99.95,46.0,11140.0,0.0,0.0,0.0,699.0,0.0,0.0,1809.0,43.0,0.0,2539.0,0.0,2579.0,0.0,0.1563,21.44,10965211,0.0,0.0
267,Greece,2014,0.0,2060.0,0.0,0.0,0.0,13.0,0.0,0.0,0.0,0.0,0.0,0.0,0.0,0.0,0.0,0.0,0.0,0.0,0.0,0.0,2.895,99.93,99.288,47.0,10842.0,0.0,0.0,0.0,699.0,0.0,0.0,1978.0,43.0,0.0,2690.0,0.0,2596.0,0.0,0.1767,20.09,10892413,0.0,0.0
268,Greece,2015,0.0,2083.0,0.0,0.0,0.0,10.0,0.0,0.0,0.0,0.0,0.0,0.0,0.0,0.0,0.0,0.0,0.0,0.0,0.0,0.0,2.838,105.487,99.877,49.0,10761.0,0.0,0.0,0.0,699.0,0.0,0.0,2091.0,43.0,0.0,2693.0,0.0,2604.0,2.0,0.1767,18.92,10820883,15.25,0.0
269,Greece,2016,0.0,2123.0,0.0,0.0,0.0,11.0,0.0,0.0,0.0,0.0,0.0,0.0,0.0,0.0,0.0,0.0,0.0,0.0,0.0,0.0,4.356,99.698,99.218,56.0,10698.0,0.0,0.0,0.0,699.0,0.0,0.0,2370.0,43.0,0.0,2693.0,0.0,2604.0,2.0,0.1716,15.68,10775971,53.53,0.0
270,Greece,2017,0.0,2122.08,0.0,0.0,0.0,15.4,0.0,0.0,0.0,0.0,0.0,0.0,0.0,0.0,0.0,0.0,0.0,0.0,0.0,0.0,4.75,98.097,100.509,61.52,10697.04,0.0,0.0,0.0,699.0,0.0,0.0,2624.0,43.0,0.0,2693.0,0.0,2605.53,2.56,0.1711,15.55,10754679,458.54,28.3
271,Greece,2018,0.0,2154.69,0.0,0.0,0.0,12.462,0.0,0.0,0.0,0.0,0.0,0.0,0.0,0.0,0.0,0.0,0.0,0.0,0.0,0.0,5.136,97.935,100.665,70.15,10518.28,0.0,0.0,0.0,699.0,0.0,0.0,2877.5,43.0,0.0,2710.0,0.0,2651.57,11.88,0.1672,14.79,10732882,25.27,49.36
272,Greece,2019,0.0,2187.88,0.0,0.0,0.0,15.0,0.0,0.0,0.0,0.0,0.0,0.0,0.0,0.0,0.0,0.0,0.0,0.0,0.0,0.0,6.361,95.719,98.987,74.76,10512.44,0.0,0.0,0.0,699.0,0.0,0.0,3589.0,43.0,0.0,2713.0,0.0,2833.79,13.11,0.1595,15.4049,10721582,0.0,0.0
273,Greece,2020,0.0,1972.36,0.0,227.0,0.0,0.0,0.0,0.0,0.0,0.0,0.0,0.0,0.0,0.0,0.0,0.0,0.0,0.0,0.0,0.0,10.176,106.438,100.694,83.3,9830.9,0.0,0.0,0.0,699.0,0.0,0.0,4119.25,43.0,0.0,2718.0,0.0,3287.72,14.11,0.1674,13.4132,10698599,73.53,0.0
274,Greece,2021,0.0,1675.2,0.0,295.67,0.0,0.0,0.0,0.0,0.0,0.0,0.0,0.0,0.0,0.0,0.0,0.0,0.0,0.0,0.0,0.0,9.598,93.086,99.409,92.4,8216.8,0.0,0.0,0.0,699.0,0.0,0.0,4649.13,43.0,0.0,2722.0,0.0,4277.42,16.11,0.168,12.4844,10569207,0.0,0.0
287,Hungary,2011,253.0,4254.0,0.0,22786.0,508.0,81.0,473.0,371.0,2173.0,12.0,2788.0,271.0,0.0,14657.0,152.0,0.0,0.0,0.0,5.0,432.0,36.19,83.116,65.568,45.0,6736.0,0.0,0.0,0.0,0.0,2000.0,0.0,331.0,28.0,0.0,55.0,19.0,4.0,436.0,0.1682,15.5718,9971727,0.0,0.0
288,Hungary,2012,38.0,3736.0,0.0,18592.0,528.0,26.0,487.0,309.0,1773.0,15.0,2970.0,395.0,0.0,19722.0,212.0,0.0,0.0,0.0,5.0,694.0,34.112,82.009,72.274,53.0,6649.0,0.0,0.0,0.0,0.0,2000.0,0.0,325.0,27.0,0.0,56.0,18.0,12.0,260.0,0.1549,13.4294,9920362,0.0,0.0
289,Hungary,2013,90.0,2866.0,0.0,16638.0,505.0,33.0,1439.0,288.0,2279.0,1.0,2538.0,574.0,0.0,20156.0,194.0,0.0,0.0,0.0,0.0,1556.0,26.542,85.254,72.126,63.0,5632.0,0.0,0.0,0.0,0.0,2000.0,0.0,329.0,37.0,0.0,57.0,18.0,35.0,247.0,0.1397,12.0104,9893082,0.0,0.0
290,Hungary,2014,76.0,3242.0,0.0,14858.0,778.0,89.0,592.0,368.0,2112.0,0.0,1936.0,1166.0,0.0,19480.0,258.0,1661.0,0.0,0.0,0.0,1352.0,27.909,88.264,97.666,63.0,5602.0,0.0,0.0,0.0,0.0,2000.0,0.0,329.0,41.0,0.0,57.0,19.0,89.0,467.0,0.1202,10.1466,9866468,0.0,0.0
291,Hungary,2015,77.0,2564.0,0.0,13607.0,602.0,48.0,745.0,483.0,2320.0,54.0,3011.0,1769.0,0.0,22533.0,250.0,1713.0,0.0,0.0,0.0,2108.0,33.679,93.7,69.674,72.0,5509.0,0.0,0.0,0.0,0.0,2000.0,0.0,329.0,48.5,0.0,57.0,24.5,172.0,422.0,0.1127,9.8029,9843028,22.87,1.63
292,Hungary,2016,158.0,3405.0,0.0,14379.0,649.0,31.0,1157.0,505.0,2836.0,7.0,1946.0,2700.0,0.0,21206.0,88.0,2363.0,0.0,0.0,0.0,2336.0,32.467,90.073,78.883,76.0,5626.0,0.0,0.0,0.0,0.0,2000.0,0.0,329.0,84.0,0.0,57.0,29.0,235.0,322.0,0.1114,9.5613,9814023,0.0,0.0
293,Hungary,2017,75.0,1427.0,0.0,14646.0,637.0,21.0,485.0,457.0,2687.0,0.0,2111.0,2749.0,0.0,21150.0,150.0,2931.0,0.0,0.0,0.0,2017.0,44.121,86.98,96.25,82.0,5587.0,3.0,0.0,0.0,0.0,2000.0,0.0,329.0,79.0,0.0,57.0,23.0,344.0,386.0,0.1125,9.7764,9787966,0.0,0.0
294,Hungary,2018,112.0,1912.0,0.0,13942.0,620.0,12.0,523.0,517.0,2447.0,0.0,1937.0,2570.0,0.0,19690.0,51.0,2992.0,0.0,0.0,0.0,1654.0,48.409,86.217,77.943,76.0,5564.0,3.0,0.0,0.0,0.0,2013.0,0.0,329.0,79.5,0.0,57.0,22.5,728.0,414.0,0.1123,9.9528,9775564,10.6,0.0
295,Hungary,2019,125.0,2102.0,0.0,14384.0,585.0,8.0,524.0,528.0,2146.0,0.0,1232.0,2864.0,0.0,18939.0,71.0,3521.0,0.0,0.0,0.0,1371.0,45.682,86.649,115.206,79.0,5611.0,3.0,0.0,0.0,0.0,2013.0,0.0,323.0,82.5,0.0,58.0,22.5,1400.0,402.0,0.112,9.6017,9771141,0.0,0.0
296,Hungary,2020,130.0,2135.0,0.0,14500.0,504.0,15.0,649.0,728.0,2274.0,0.0,1157.0,2772.0,0.0,19206.0,11.0,3161.0,0.0,0.0,0.0,1333.0,43.677,87.111,75.622,85.0,5586.0,3.0,0.0,0.0,0.0,2013.0,0.0,323.0,87.0,0.0,58.0,27.0,2131.0,397.0,0.1031,8.8602,9750149,0.0,0.0
297,Hungary,2021,114.0,2516.0,0.0,16524.0,388.0,15.6,719.0,789.0,2456.0,0.0,777.0,2940.0,0.0,19930.0,31.0,3474.5,0.0,0.0,0.0,1487.0,38.517,86.87,67.208,85.0,5586.0,3.0,0.0,0.0,0.0,2013.0,0.0,324.0,87.0,0.0,60.0,27.5,2968.0,438.0,0.1003,8.52,9709891,0.0,0.0
310,Ireland,2011,,,,,,,,,,,,,,,,,,,,,114.517,101.753,95.563,39.4,6491.67,0.0,0.0,0.0,0.0,0.0,25.2,1559.4,0.0,292.0,237.0,0.0,0.79,5.45,0.1901,14.14,4580084,0.0,0.0
311,Ireland,2012,,,,,,,,,,,,,,,,,,,,,89.559,99.325,95.211,43.85,6338.25,0.0,0.0,0.0,0.0,0.0,25.2,1679.15,7.5,292.0,237.0,7.5,0.94,5.45,0.2155,17.06,4599533,0.0,196.42
312,Ireland,2013,,,,,,,,,,,,,,,,,,,,,112.406,101.084,96.296,52.45,6360.11,0.0,0.0,0.0,0.0,0.0,25.2,1898.1,8.0,292.0,237.0,8.0,1.02,5.45,0.2295,18.15,4623816,0.0,109.9
313,Ireland,2014,,,,,,,,,,,,,,,,,,,,,97.778,98.389,96.236,53.44,6365.44,0.0,0.0,0.0,0.0,0.0,25.2,2258.05,10.79,292.0,237.0,10.79,1.63,5.45,0.2407,18.92,4657740,0.0,0.0
314,Ireland,2015,,,,,,,,,,,,,,,,,,,,,102.977,104.65,96.326,53.44,6616.97,0.0,0.0,0.0,0.0,0.0,25.2,2425.95,10.79,292.0,237.0,10.79,2.35,5.45,0.2426,18.7,4701957,0.0,0.0
315,Ireland,2016,,,,,,,,,,,,,,,,,,,,,84.292,99.078,40.03,55.96,6613.13,0.0,0.0,0.0,0.0,0.0,25.2,2776.45,10.79,292.0,237.0,10.79,5.93,5.45,0.232,18.12,4755335,0.0,0.0
316,Ireland,2017,,,,,,,,,,,,,,,,,,,,,109.795,95.668,32.681,56.08,6600.92,0.0,0.0,0.0,0.0,0.0,25.2,3293.95,41.29,292.0,237.0,41.29,17.14,5.45,0.2305,17.56,4807388,0.0,0.0
317,Ireland,2018,,,,,,,,,,,,,,,,,,,,,112.847,98.191,38.781,56.53,6607.76,0.0,0.0,0.0,0.0,0.0,25.2,3648.65,41.29,292.0,237.0,41.29,31.97,5.45,0.2369,17.5565,4867316,0.0,87.79
318,Ireland,2019,,,,,,,,,,,,,,,,,,,,,67.896,98.964,52.993,59.33,6268.22,0.0,0.0,0.0,0.0,0.0,25.2,4101.25,41.29,292.0,237.0,41.29,57.48,6.65,0.2423,18.9702,4934340,0.0,0.0
319,Ireland,2020,,,,,,,,,,,,,,,,,,,,,55.859,103.184,63.742,59.28,6167.5,0.0,0.0,0.0,0.0,0.0,25.2,4281.5,41.29,292.0,237.0,41.29,89.89,6.71,0.2413,18.5834,4985382,0.0,0.0
320,Ireland,2021,,,,,,,,,,,,,,,,,,,,,106.002,98.371,71.143,59.58,5990.01,0.0,0.0,0.0,0.0,0.0,25.2,4313.84,41.29,292.0,237.0,41.29,135.27,6.71,0.2555,17.2221,5033164,0.0,128.6
333,Italy,2011,13685.0,2927.0,909.0,125619.0,0.0,57909.0,3581.0,3581.0,7630.0,11.0,0.0,589.0,0.0,0.0,0.0,0.0,0.0,0.0,1.0,2667.0,96.05,91.039,90.154,732.0,73325.95,728.0,738.05,0.0,3587.0,0.0,0.0,6918.0,699.0,3957.0,14193.0,371.0,13131.0,421.0,0.1987,19.27,59379449,128.1,0.0
334,Italy,2012,5800.0,4875.0,912.0,128827.0,0.0,45477.0,3009.0,2971.0,11374.0,12.0,0.0,650.0,0.0,0.0,0.0,0.0,0.0,0.0,1.0,3078.0,96.642,90.065,90.217,1274.0,73220.0,728.0,989.0,0.0,3598.0,0.0,0.0,8102.0,706.0,3957.0,14325.0,377.0,16785.0,538.0,0.2132,21.36,59539717,0.0,0.0
335,Italy,2013,8406.0,4133.0,980.0,128597.0,0.0,44885.0,3594.0,3488.0,18571.0,11.0,0.0,650.0,0.0,0.0,0.0,0.0,0.0,0.0,2.0,3092.0,96.205,90.714,88.11,1317.0,70950.0,729.0,1003.0,0.15,3598.0,0.0,0.0,8542.0,756.0,3957.0,14454.0,418.0,18185.0,606.0,0.2292,23.17,60233948,0.0,0.0
336,Italy,2014,9984.0,4061.0,1379.0,123634.0,0.0,34094.0,3624.0,3568.0,22104.0,13.0,0.0,764.0,11.0,0.0,0.0,0.0,0.0,0.0,2.0,2716.0,98.702,88.536,89.676,1336.0,67483.0,768.0,990.0,0.15,3610.0,0.0,0.0,8683.0,762.0,3982.0,14506.0,413.0,18594.0,620.0,0.2446,22.14,60789140,0.0,0.0
337,Italy,2015,8593.0,6119.0,1762.0,135467.0,0.0,32725.0,4738.0,4519.0,19281.0,11.0,0.0,780.0,9.0,0.0,0.0,0.0,0.0,0.0,2.0,2940.0,100.15,89.433,90.406,1336.0,61807.0,768.0,1000.0,0.2,3610.0,0.0,0.0,9137.0,764.0,3982.0,14628.0,415.0,18901.0,616.0,0.245,21.27,60730582,45.74,0.0
338,Italy,2016,8699.0,7292.0,1814.0,138653.0,0.0,33785.0,5199.0,4901.0,19423.0,9.0,0.0,810.0,11.0,0.0,0.0,0.0,0.0,0.0,3.0,3251.0,97.519,90.948,91.761,1352.0,58220.0,767.0,993.0,0.2,3325.0,0.0,0.0,9384.0,771.0,3982.0,14991.0,409.0,19283.0,685.0,0.2342,20.32,60627498,9.75,0.0
339,Italy,2017,9456.02,6237.82,1922.288,139833.0,0.0,32189.9,5551.75,5201.99,19495.0,6.275,0.0,793.361,25.291,9341.06,85.576,0.0,0.0,0.0,4.481,3276.46,100.193,91.515,92.317,1371.51,57402.25,767.19,986.73,0.2,3376.6,0.0,0.0,9736.58,775.83,3940.38,15109.03,408.15,19682.29,684.11,0.2132,19.56,60536709,299.49,179.69
340,Italy,2018,8945.98,4370.05,2133.88,137408.0,0.0,31641.7,5657.87,5307.26,19172.8,6.043,0.0,877.62,28.5,10467.4,174.711,0.0,0.0,0.0,5.875,3359.33,100.981,89.845,92.866,1375.35,57345.28,767.19,970.71,0.2,3376.6,0.0,0.0,10230.25,780.96,3940.38,15181.61,411.8,20107.59,733.21,0.2067,19.8447,60421760,371.18,0.0
341,Italy,2019,11480.2,6532.36,2306.151,138709.0,0.0,28380.0,5879.76,5518.35,18080.4,5.539,0.0,870.208,30.545,9860.02,169.248,0.0,0.0,0.0,5.963,3574.13,98.556,92.51,95.057,1382.35,57405.69,767.19,948.17,0.2,3303.61,0.0,0.0,10679.46,722.11,3940.38,15297.1,395.65,20865.28,727.98,0.2301,21.3645,59729081,318.45,0.0
342,Italy,2020,11474.2,3898.36,2378.918,135977.0,0.0,31387.8,5857.03,5368.88,17136.4,3.102,0.0,871.513,11.251,10360.2,139.802,0.0,0.0,0.0,8.04,4037.53,93.027,88.717,92.848,1379.06,56236.47,771.79,932.03,0.21,3311.6,0.0,0.0,10870.62,720.04,3940.38,15443.0,401.93,21650.04,726.18,0.2226,20.2286,59438851,105.94,0.0
343,Italy,2021,12175.0,1599.36,1692.405,145089.0,0.0,24200.7,5385.13,5153.0,12359.1,2.518,0.0,1072.34,13.001,11081.7,172.031,0.0,0.0,0.0,10.255,3740.66,97.049,84.326,93.735,1381.76,55630.39,771.79,918.56,0.21,3280.55,0.0,0.0,11253.73,739.41,3940.38,15528.73,417.6,22594.26,702.46,0.2259,19.5362,59133173,117.37,84.51
356,Latvia,2011,169.0,223.0,4.0,13810.0,0.0,180.0,0.0,0.0,418.0,0.0,72.0,0.0,0.0,6404.0,328.0,15.0,0.0,0.0,0.0,3377.0,102.285,101.825,109.413,25.0,935.0,0.0,0.0,0.0,0.0,0.0,0.0,36.0,0.0,0.0,1576.0,0.0,0.0,5.0,0.1168,10.7489,2059709,0.0,0.0
357,Latvia,2012,459.0,277.0,3.0,15206.0,0.0,137.0,0.0,0.0,811.0,0.0,43.0,0.0,0.0,5839.0,296.0,17.0,0.0,0.0,0.0,3769.0,99.312,101.679,113.794,43.0,957.0,0.0,0.0,0.0,0.0,0.0,0.0,59.0,2.0,0.0,1576.0,0.0,0.0,23.0,0.1382,14.2346,2034319,0.0,0.0
358,Latvia,2013,594.0,272.0,0.0,14627.0,0.0,87.0,6.0,0.0,2554.0,0.0,42.0,0.0,0.0,4052.0,110.0,16.0,0.0,0.0,0.0,3889.0,91.219,100.387,115.588,53.0,1147.0,0.0,0.0,0.0,0.0,0.0,0.0,65.89,0.0,0.0,1586.62,0.0,0.0,55.0,0.1378,14.0521,2012647,0.0,0.0
359,Latvia,2014,761.0,102.0,0.0,14043.0,0.0,8.0,0.0,0.0,3769.0,0.0,44.0,0.0,0.0,2993.0,35.0,7.0,0.0,0.0,0.0,3985.0,77.451,92.444,72.123,58.0,1144.0,0.0,0.0,0.0,0.0,0.0,0.0,68.92,0.0,0.0,1587.8,0.0,0.0,63.0,0.1365,13.45,1993782,0.0,0.0
360,Latvia,2015,892.0,65.0,0.0,13554.0,0.0,5.0,0.0,0.0,4446.0,0.0,38.0,0.0,0.0,2463.0,31.0,7.0,0.0,0.0,0.0,3958.0,85.185,102.92,98.565,60.0,1149.0,0.0,0.0,0.0,0.0,0.0,0.0,68.17,0.0,0.0,1587.69,0.0,0.0,66.0,0.1635,13.77,1977527,0.0,0.0
361,Latvia,2016,952.0,102.0,0.0,14890.0,0.0,5.0,0.0,0.0,5734.0,0.0,43.0,0.0,0.0,2408.0,35.0,8.0,0.0,0.0,0.0,4790.0,85.946,109.121,82.892,62.0,1149.34,0.0,0.0,0.0,0.0,0.0,0.0,69.91,0.0,0.0,1564.2,0.0,0.69,81.0,0.1628,11.78,1959537,0.0,0.0
362,Latvia,2017,1011.703,34.027,0.0,6663.1,0.0,1.991,0.0,0.0,6135.82,1.021,66.278,0.0,0.0,9941.58,34.661,6.036,0.0,0.0,0.0,6092.91,88.524,100.121,101.989,60.29,1145.05,0.0,0.0,0.0,0.0,0.0,0.0,77.11,0.0,0.0,1564.32,0.0,0.69,93.74,0.1586,10.49,1942248,0.0,0.0
363,Latvia,2018,889.198,111.658,0.377,6893.16,0.0,1.322,0.0,0.0,6841.19,5.888,38.212,0.0,0.0,8712.0,71.736,6.045,0.0,0.0,0.0,6117.66,91.33,98.079,98.834,61.48,1135.61,0.0,0.0,0.0,0.0,0.0,0.0,78.17,0.0,0.0,1564.99,0.0,1.96,72.61,0.1531,10.6955,1927174,0.0,0.0
364,Latvia,2019,802.226,27.546,0.0,5626.09,0.0,1.158,0.0,0.0,6894.11,4.72,66.454,0.0,0.0,7486.24,44.595,5.074,0.0,0.0,2.736,7651.23,110.791,100.194,100.032,60.67,1112.12,0.0,0.0,0.0,0.0,0.0,0.0,78.07,0.0,0.0,1586.69,0.0,3.3,96.95,0.1629,12.3797,1913822,0.0,0.0
365,Latvia,2020,810.921,0.819,0.0,4134.86,0.0,0.419,0.0,0.0,6810.71,14.718,36.695,0.0,0.0,7925.06,52.348,4.266,0.0,0.0,39.957,7219.64,89.617,105.579,100.099,60.25,1117.87,0.0,0.0,0.0,0.0,0.0,0.0,78.07,0.0,0.0,1586.28,0.0,5.1,96.07,0.142,8.7451,1900449,0.0,0.0
366,Latvia,2021,809.813,0.236,0.0,4851.45,0.0,0.0,0.0,0.0,7184.86,8.674,49.691,0.0,0.0,8568.33,86.166,3.626,0.0,0.0,36.299,9639.0,93.113,93.655,99.968,57.04,1116.35,0.0,0.0,0.0,0.0,0.0,0.0,77.13,0.0,0.0,1587.23,0.0,7.16,94.72,0.1403,8.2612,1884490,0.0,0.0
379,Lithuania,2011,26.0,0.0,0.0,17728.0,0.0,392.0,5886.0,0.0,1488.0,0.0,206.0,67.0,0.0,8822.0,544.0,4351.0,0.0,0.0,0.0,6377.0,110.947,91.549,100.267,15.0,2555.0,0.0,0.0,0.0,0.0,0.0,0.0,202.0,25.0,760.0,116.0,0.0,0.3,18.0,0.1214,12.0743,3028115,0.0,0.0
380,Lithuania,2012,51.0,0.0,0.0,13926.0,0.0,3055.0,5616.0,0.0,2529.0,0.0,164.0,79.0,0.0,8714.0,525.0,4271.0,0.0,0.0,0.0,7525.0,95.936,93.114,100.061,15.0,3001.0,0.0,0.0,0.0,0.0,0.0,0.0,275.0,25.0,760.0,116.0,0.0,7.0,38.0,0.126,14.1653,2987773,0.0,0.0
381,Lithuania,2013,95.0,0.0,0.0,13352.0,0.0,1155.0,6116.0,232.0,3641.0,0.0,413.0,35.0,0.0,7023.0,397.0,3575.0,0.0,0.0,0.0,7591.0,107.663,93.369,100.038,16.0,3004.0,0.0,0.0,0.0,0.0,0.0,0.0,279.0,32.0,760.0,116.0,5.0,68.0,43.0,0.137,16.7458,2957689,0.0,0.0
382,Lithuania,2014,91.0,20.0,0.0,10292.0,0.0,450.0,6385.0,297.0,3969.0,0.0,148.0,39.0,0.0,5319.0,444.0,4933.0,0.0,0.0,0.0,10913.0,98.115,93.153,104.135,20.0,2700.0,0.0,0.0,0.0,0.0,0.0,0.0,288.0,32.0,760.0,117.0,5.0,69.0,46.0,0.133,15.5381,2932367,0.0,0.0
383,Lithuania,2015,91.0,0.0,0.0,7509.0,0.0,363.0,6589.0,379.0,4175.0,0.0,109.0,32.0,0.0,3998.0,177.0,3563.0,0.0,0.0,0.0,14475.0,90.642,100.712,99.706,21.0,2101.0,0.0,0.0,0.0,0.0,0.0,0.0,436.0,33.0,760.0,117.0,5.0,69.0,45.0,0.1256,11.75,2904910,0.0,0.0
384,Lithuania,2016,93.0,0.0,0.0,7278.0,0.0,19.0,7009.0,436.0,4023.0,0.0,134.0,41.0,0.0,4064.0,320.0,3304.0,0.0,0.0,0.0,16427.0,91.752,97.912,100.605,25.0,2101.0,0.0,0.0,0.0,0.0,0.0,0.0,509.0,36.5,760.0,117.0,7.5,70.0,39.0,0.1231,11.47,2868231,0.0,0.0
385,Lithuania,2017,85.0,0.0,0.0,6316.0,0.0,59.0,6997.0,688.0,5173.0,0.0,311.0,15.0,0.0,3629.0,255.0,5561.0,0.0,0.0,0.0,17657.0,107.802,94.995,99.32,25.0,1742.0,0.0,0.0,0.0,0.0,0.0,0.0,518.0,36.5,760.0,117.0,8.5,73.75,45.0,0.1116,10.14,2828403,26.75,0.0
386,Lithuania,2018,119.0,0.0,0.0,6397.0,0.0,109.0,6947.0,415.0,5673.0,0.0,323.0,0.0,0.0,3996.0,293.0,5038.0,0.0,0.0,0.0,16594.0,99.009,98.438,98.92,35.0,1720.0,0.0,0.0,0.0,0.0,0.0,0.0,533.0,38.0,760.0,117.0,7.0,82.0,62.0,0.1097,11.09,2801543,8.93,0.0
387,Lithuania,2019,103.0,0.0,0.0,4732.0,0.0,26.0,7022.0,465.0,5859.0,0.0,213.0,0.0,0.0,2740.0,158.0,4819.0,0.0,0.0,0.0,16641.0,108.103,100.828,99.965,35.0,1719.0,0.0,0.0,0.0,0.0,0.0,0.0,534.0,40.0,760.0,117.0,7.0,103.0,63.0,0.1255,12.5096,2794137,0.0,0.0
388,Lithuania,2020,97.0,0.0,0.0,3762.0,0.0,87.0,7701.0,707.0,6040.0,0.0,143.0,0.0,0.0,1982.0,117.0,1879.0,0.0,0.0,0.0,15404.0,87.876,102.673,98.929,36.0,1738.0,0.0,0.0,0.0,0.0,0.0,0.0,540.0,56.0,760.0,117.0,17.0,164.0,63.0,0.1426,10.0391,2794885,77.1,0.0
389,Lithuania,2021,100.0,0.0,0.0,4848.0,0.0,144.0,8455.0,1451.0,6231.0,0.0,144.0,0.0,0.0,3171.0,334.0,2413.0,0.0,0.0,0.0,17285.0,91.868,101.702,100.824,37.0,1734.0,0.0,0.0,0.0,0.0,0.0,0.0,671.0,56.5,760.0,117.0,20.5,255.0,58.0,0.1348,7.7413,2800839,0.0,0.0
402,Luxembourg,2011,36.907,0.0,0.0,2938.78,0.0,3.322,0.0,0.0,0.0,0.0,0.0,0.0,0.0,76.578,7.977,0.0,0.0,0.0,0.0,96.72,98.703,99.685,100.0,9.9,491.34,0.0,0.0,0.0,0.0,0.0,0.0,44.53,9.6,1100.0,34.31,9.6,40.67,0.0,0.1678,14.19,518347,,
403,Luxembourg,2012,43.441,0.0,0.0,2868.61,0.0,3.634,0.0,0.0,0.0,0.0,0.0,0.0,0.0,64.638,8.975,0.0,0.0,0.0,0.0,103.263,98.005,100.461,100.0,10.06,492.5,0.0,0.0,0.0,0.0,0.0,0.0,58.33,9.6,1100.0,34.31,9.6,74.65,0.0,0.1696,16.06,530946,,
404,Luxembourg,2013,46.886,0.0,0.0,2962.38,0.0,1.756,0.0,0.0,31.211,0.0,0.0,0.0,0.0,97.304,8.321,0.0,0.0,0.0,0.0,108.419,94.572,100.325,100.0,9.97,492.5,0.0,0.0,0.0,0.0,0.0,0.0,58.33,9.6,1100.0,34.31,9.6,95.02,3.75,0.1665,17.34,543360,,
405,Luxembourg,2014,76.846,0.0,0.0,1914.14,0.0,2.035,0.0,0.0,335.576,0.0,0.0,0.0,0.0,64.974,6.422,0.0,0.0,0.0,0.0,124.675,106.827,100.228,100.0,10.44,492.5,0.0,0.0,0.0,0.0,0.0,0.0,58.34,8.63,1296.0,34.31,8.63,109.93,3.75,0.1738,14.78,556319,,
406,Luxembourg,2015,79.988,0.0,0.0,1685.35,0.0,3.913,0.0,0.0,380.746,0.0,0.0,0.0,0.0,41.29,6.677,0.0,0.0,0.0,0.058,164.63,99.841,99.295,100.0,11.9,480.57,0.0,0.0,0.0,0.0,0.0,0.0,63.79,8.63,1296.0,34.27,8.63,116.27,3.92,0.1767,13.77,569604,,
407,Luxembourg,2016,85.68,0.0,0.0,1674.62,0.0,9.261,0.0,0.0,387.612,0.0,0.0,0.0,0.0,95.298,8.06,0.0,0.0,0.0,0.051,170.932,106.764,100.039,100.0,12.27,104.41,0.0,0.0,0.0,0.0,0.0,0.0,119.69,8.63,1296.0,34.32,8.63,121.9,3.92,0.1698,12.62,582014,,
408,Luxembourg,2017,85.651,0.0,0.0,1545.9,0.0,3.615,0.0,0.0,760.142,0.0,0.0,0.0,0.0,178.841,10.448,0.0,0.0,0.0,0.057,174.715,96.213,99.708,100.0,12.27,83.15,0.0,0.0,0.0,0.0,0.0,0.0,119.69,8.63,1296.0,34.55,8.63,128.1,14.82,0.1615,11.6,596336,,
409,Luxembourg,2018,98.748,0.0,0.0,1309.39,0.0,1.852,0.0,0.0,1334.667,0.0,0.0,0.0,0.0,189.625,8.441,0.0,0.0,0.0,0.061,172.493,100.888,99.733,100.0,12.2,83.15,0.0,0.0,0.0,0.0,0.0,0.0,122.89,8.63,1296.0,34.47,8.63,130.62,15.15,0.1671,11.4113,607950,,
410,Luxembourg,2019,105.106,0.0,0.0,1261.54,0.0,2.072,0.0,0.0,2286.055,0.0,0.0,0.0,0.0,184.689,8.315,0.0,0.0,0.0,0.065,185.502,93.136,100.371,100.0,12.2,84.12,0.0,0.0,0.0,0.0,0.0,0.0,135.79,8.63,1296.0,34.47,8.63,159.74,35.15,0.1798,12.4363,620001,,
411,Luxembourg,2020,107.201,0.0,0.0,1251.43,0.0,1.675,49.399,30.021,3845.444,0.0,0.0,0.0,0.0,167.118,5.174,0.0,0.0,0.0,0.066,188.252,112.266,99.926,100.0,12.31,73.38,0.0,0.0,0.0,0.0,0.0,0.0,152.74,8.63,1296.0,34.53,8.63,186.64,35.15,0.1986,11.4407,630419,,
412,Luxembourg,2021,116.633,0.0,0.0,1327.16,0.0,0.267,68.663,41.728,4129.089,0.0,0.0,0.0,0.0,279.106,2.816,0.0,0.0,0.0,0.058,210.184,97.369,99.85,100.0,12.42,69.43,0.0,0.0,0.0,0.0,0.0,0.0,136.44,8.63,1296.0,34.53,8.63,277.16,35.15,0.1988,12.1704,640064,,
448,Netherlands,2011,,,,,,,,,,,,,,,,,,,,,100.911,92.251,-68.143,217.0,23954.76,0.0,16.66,0.0,0.0,510.0,228.0,2088.0,395.5,0.0,37.0,324.5,149.0,132.58,0.1802,19.15,16693074,0.0,0.0
449,Netherlands,2012,,,,,,,,,,,,,,,,,,,,,98.932,97.903,-75.97,219.0,25477.83,0.0,0.0,0.11,0.0,510.0,228.0,2205.0,381.5,0.0,37.0,324.5,287.0,172.17,0.185,20.57,16754962,0.0,0.0
450,Netherlands,2013,,,,,,,,,,,,,,,,,,,,,97.604,95.284,-86.935,230.0,25426.33,0.0,0.0,0.0,0.0,485.0,228.0,2485.0,362.5,0.0,37.0,324.5,650.0,214.67,0.1898,21.96,16804432,0.0,0.0
451,Netherlands,2014,,,,,,,,,,,,,,,,,,,,,102.585,91.347,-74.846,237.0,26209.81,0.0,0.0,0.18,0.0,485.0,228.0,2637.0,365.5,0.0,37.0,324.5,1007.0,190.19,0.1841,21.91,16865008,0.0,0.0
452,Netherlands,2015,,,,,,,,,,,,,,,,,,,,,96.56,101.492,-36.652,243.57,27225.53,0.0,0.0,2.05,0.0,485.0,357.0,3033.84,420.34,0.0,37.0,338.34,1526.26,210.23,0.1986,21,16939923,0.0,0.0
453,Netherlands,2016,,,,,,,,,,,,,,,,,,,,,99.554,94.874,-32.793,224.01,26155.59,0.0,0.0,2.05,0.0,485.0,957.0,3300.12,420.34,0.0,37.0,338.34,2135.02,209.73,0.162,21.65,17030314,0.0,0.0
454,Netherlands,2017,,,,,,,,,,,,,,,,,,,,,100.793,89.359,-4.338,223.84,24986.76,0.0,0.0,2.05,0.0,485.0,957.0,3245.0,416.34,0.0,37.0,334.34,2910.89,226.42,0.1562,21.2,17131296,0.0,0.0
455,Netherlands,2018,,,,,,,,,,,,,,,,,,,,,99.816,92.9,14.955,206.99,24289.14,0.0,0.0,2.05,0.0,485.0,957.0,3436.11,470.84,0.0,37.0,388.84,4608.0,231.05,0.1706,22.6482,17231624,0.0,0.0
456,Netherlands,2019,,,,,,,,,,,,,,,,,,,,,102.148,100.998,26.246,200.99,23613.9,0.0,0.0,2.05,0.0,485.0,957.0,3527.16,470.84,0.0,37.0,388.84,7226.0,228.44,0.2067,25.5701,17344874,0.0,0.0
457,Netherlands,2020,,,,,,,,,,,,,,,,,,,,,91.911,100.435,44.995,205.03,22810.5,0.0,0.0,2.05,0.0,485.0,2459.5,4188.38,466.25,0.0,37.0,390.05,11108.43,270.57,0.1427,27.6403,17441500,0.0,0.0
458,Netherlands,2021,,,,,,,,,,,,,,,,,,,,,99.584,85.667,33.703,203.76,22603.34,0.0,0.0,2.05,0.0,512.0,2459.5,5309.87,540.17,0.0,36.9,390.05,14910.69,285.39,0.1281,26.697,17533044,0.0,0.0
471,Poland,2011,119.0,165050.0,1.0,11413.0,0.0,2918.0,1322.0,0.0,11903.0,12.0,95750.0,0.0,0.0,8161.0,822.0,87.0,0.0,0.0,0.0,1413.0,-0.999,96.829,75.097,102.0,30128.0,0.0,0.4,0.0,376.0,0.0,0.0,1800.0,2.0,1406.0,564.0,0.0,1.11,175.0,0.1471,12.8719,38063255,6.73,29.88
472,Poland,2012,201.0,160341.0,0.0,12738.0,0.0,3178.0,1228.0,0.0,17493.0,11.0,103313.0,0.0,0.0,8044.0,1059.0,91.0,0.0,0.0,0.0,1347.0,-6.437,96.625,73.396,128.0,29782.0,0.0,0.4,0.0,376.0,0.0,0.0,2564.0,2.0,1406.0,569.0,0.0,1.3,455.0,0.1418,13.0187,38063164,0.0,80.93
473,Poland,2013,365.0,163532.0,0.0,9420.0,0.0,2779.0,1346.0,0.0,14008.0,12.0,99885.0,0.0,0.0,8708.0,611.0,68.0,0.0,0.0,0.0,1603.0,-10.173,93.539,74.202,153.0,29292.0,0.0,0.4,0.0,376.0,0.0,0.0,3429.0,2.0,1406.0,573.0,0.0,2.39,582.0,0.148,13.0548,38040196,0.0,116.78
474,Poland,2014,287.0,150077.0,0.0,9169.0,0.0,2708.0,1467.0,0.0,12579.0,11.0,91097.0,0.0,0.0,7347.0,595.0,152.0,4.319,13.0,0.0,1381.0,-8.565,95.451,71.971,187.0,28944.0,0.0,0.4,0.0,376.0,0.0,0.0,3836.0,2.0,1406.0,582.0,0.0,27.15,629.0,0.1421,13.5867,38011735,0.0,114.7
475,Poland,2015,424.0,157224.0,1.0,13070.0,0.0,2857.0,1821.0,0.0,11229.0,12.0,85723.0,0.0,0.0,7097.0,549.0,170.0,3.169,7.0,0.0,1209.0,-11.436,99.497,72.206,216.0,28993.0,0.0,0.4,0.0,376.0,0.0,0.0,4886.0,9.5,1406.0,588.0,7.5,107.78,737.0,0.1444,13.9067,37986412,0.0,120.22
476,Poland,2016,576.0,158938.0,2.0,14063.0,0.0,2892.0,1681.0,11.0,11361.0,13.0,93193.0,0.0,0.0,7029.0,735.0,290.0,4.227,5.0,0.0,2007.0,-11.704,94.957,78.378,225.0,28787.0,0.0,0.4,0.0,376.0,0.0,0.0,5747.0,24.0,1413.0,596.0,22.0,187.25,727.0,0.1332,10.8795,37970087,0.0,0.0
477,Poland,2017,878.365,162908.0,2.3,17901.6,0.0,3158.14,2642.1,451.933,9414.24,12.485,91948.3,0.0,0.929,6753.73,954.277,445.305,5.471,5.097,0.0,2277.08,-2.963,98.598,77.772,229.22,33414.51,0.0,0.4,0.0,375.95,0.0,0.0,5759.36,32.0,1423.0,591.11,29.6,287.09,708.77,0.1446,11.5706,37974826,49.71,0.0
478,Poland,2018,906.802,157594.0,1.936,17856.3,0.0,3235.68,3162.97,472.788,10550.8,15.668,89690.6,0.0,1.484,7297.36,789.066,240.122,5.302,3.79,0.0,2850.51,8.227,98.77,77.602,225.45,33266.85,0.0,0.4,0.0,375.95,0.0,0.0,5766.08,55.7,1423.0,592.32,43.3,561.98,735.16,0.141,11.7608,37974750,25.63,0.0
479,Poland,2019,987.938,150187.0,0.0,19082.0,0.0,2649.75,4176.09,721.538,12648.0,16.282,85397.7,0.0,4.631,6983.98,625.625,304.277,3.149,9.201,0.0,3253.86,6.018,97.333,82.37,232.86,32583.25,0.0,0.4,0.0,375.95,0.0,0.0,5837.76,73.2,1423.0,598.06,45.3,1539.26,731.78,0.1343,13.131,37965475,0.0,142.5
480,Poland,2020,896.807,140765.0,0.0,21907.6,0.0,2620.77,4781.67,1611.92,14451.1,30.748,85729.6,0.0,5.505,7936.01,715.46,214.533,4.524,0.0,0.0,4204.28,0.334,96.861,78.252,261.0,35620.35,0.0,0.4,0.0,375.95,0.0,0.0,6298.25,50.15,1423.0,600.65,49.75,3954.96,734.2,0.1475,11.8064,37899070,0.0,382.88
481,Poland,2021,920.816,147830.0,0.0,24142.1,0.0,3291.41,4474.83,1570.91,14730.6,38.476,93515.3,0.0,4.988,9441.73,1886.38,279.794,5.325,28.008,0.0,6212.2,-3.613,96.393,83.566,250.8,34908.66,0.0,0.4,0.0,375.95,0.0,0.0,6967.34,45.7,1423.0,598.6,45.3,7415.52,803.19,0.1548,10.451,37747124,0.0,110.12
494,Portugal,2011,0.0,0.0,0.0,18218.0,0.0,2382.0,44.0,0.0,0.0,0.0,0.0,0.0,0.0,0.0,0.0,0.0,0.0,0.0,0.0,0.0,97.244,100.829,101.559,44.0,9323.0,25.0,0.0,0.0,1044.7,0.0,1.86,4254.35,53.0,0.0,4490.3,38.0,172.0,478.0,0.1654,16.95,10557560,0.0,312.83
495,Portugal,2012,0.0,0.0,0.0,19308.0,0.0,2111.0,55.0,0.0,0.0,0.0,0.0,0.0,0.0,0.0,0.0,0.0,0.0,0.0,0.0,0.0,103.324,99.18,99.734,51.0,8739.0,25.0,0.0,0.3,1298.1,0.0,2.0,4409.55,53.0,0.0,4413.9,38.0,238.0,479.0,0.1993,20.52,10514844,0.0,0.0
496,Portugal,2013,0.0,0.0,0.0,24710.0,0.0,813.0,46.0,0.0,0.0,0.0,0.0,0.0,0.0,0.0,0.0,0.0,0.0,0.0,0.0,0.0,95.416,97.143,101.519,55.0,7704.0,25.0,0.0,0.3,1298.1,0.0,2.0,4607.95,53.0,0.0,4362.9,38.0,296.0,458.0,0.2081,23.23,10457295,0.0,0.0
497,Portugal,2014,0.0,0.0,0.0,21068.0,0.0,299.0,55.0,0.0,0.0,0.0,0.0,0.0,0.0,0.0,0.0,0.0,0.0,0.0,0.0,0.0,96.886,97.379,100.036,66.0,7499.0,25.0,0.0,1.0,1347.0,0.0,2.0,4854.56,53.5,0.0,4368.0,38.5,415.0,456.0,0.2175,25.96,10401062,0.0,0.0
498,Portugal,2015,0.0,0.0,0.0,19088.0,0.0,439.0,87.0,0.0,0.0,0.0,0.0,0.0,0.0,0.0,0.0,0.0,0.0,0.0,0.0,0.0,98.477,101.719,100.357,66.0,7429.0,25.0,0.0,0.0,1722.0,0.0,2.0,4934.84,42.5,0.0,4446.0,39.5,447.0,471.0,0.2279,27.11,10358076,0.0,0.0
499,Portugal,2016,0.0,0.0,0.0,18650.0,0.0,196.0,0.0,0.0,0.0,0.0,0.0,0.0,0.0,0.0,0.0,0.0,0.0,0.0,0.0,0.0,102.301,98.712,98.571,68.0,7359.0,25.0,0.0,0.0,2501.7,0.0,0.0,5124.1,44.5,0.0,4458.3,41.5,512.82,477.0,0.235,25.35,10325452,3.78,0.0
500,Portugal,2017,0.0,0.0,0.0,19065.6,0.0,35.0,0.0,0.0,0.0,0.0,0.0,0.0,0.0,0.0,0.0,0.0,0.0,0.0,0.0,0.0,105.604,100.202,100.418,70.08,7348.03,29.1,0.0,0.4,2764.4,0.0,0.0,5124.1,44.31,0.0,4461.52,40.91,579.24,471.21,0.2284,21.47,10300300,0.0,0.0
501,Portugal,2018,0.0,0.0,0.0,20004.9,0.0,174.988,0.0,0.0,0.0,0.0,0.0,0.0,0.0,0.0,0.0,0.0,0.0,0.0,0.0,0.0,98.914,103.935,101.057,71.23,7388.06,29.1,0.0,0.4,2764.4,0.0,0.0,5172.36,44.31,0.0,4471.43,40.91,667.44,535.93,0.2246,21.0716,10283822,3.52,0.0
502,Portugal,2019,0.0,0.0,0.0,20715.7,0.0,210.872,0.0,0.0,0.0,0.0,0.0,0.0,0.0,0.0,0.0,0.0,0.0,0.0,0.0,0.0,122.131,98.141,99.93,72.02,7413.2,29.1,0.0,0.0,2764.4,0.0,0.0,5222.75,44.31,0.0,4497.59,40.91,901.44,589.57,0.215,21.1189,10286263,0.0,54.43
503,Portugal,2020,0.0,0.0,0.0,20115.2,0.0,430.642,0.0,0.0,0.0,0.0,0.0,0.0,0.0,0.0,0.0,0.0,0.0,0.0,0.0,0.0,-6.515,97.558,99.282,71.24,7403.09,29.1,0.0,0.0,2764.4,0.0,25.0,5097.26,44.31,0.0,4476.41,40.91,1100.29,602.97,0.212,21.8115,10297081,0.0,74.24
504,Portugal,2021,0.0,0.0,0.0,16470.8,0.0,202.661,0.0,0.0,0.0,0.0,0.0,0.0,0.0,0.0,0.0,0.0,0.0,0.0,0.0,0.0,4.538,97.901,100.045,72.89,6225.85,29.1,0.0,0.0,2764.4,0.0,25.0,5402.33,44.31,0.0,4490.5,40.91,1645.99,602.97,0.2089,21.1719,10361831,0.0,0.0
517,Romania,2011,50.0,25212.0,0.0,49692.0,0.0,5624.0,0.0,0.0,168.0,38.0,200.0,7.0,0.0,13477.0,2552.0,13.0,0.0,0.0,0.0,1827.0,13.312,47.394,22.186,4.0,11586.0,0.0,0.0,0.0,0.0,1300.0,0.0,988.0,0.0,92.0,6391.0,0.0,1.0,26.0,0.1082,7.8981,20147528,0.0,119.61
518,Romania,2012,100.0,25719.0,0.0,40472.0,0.0,5477.0,0.0,0.0,642.0,36.0,157.0,4.0,0.0,12686.0,2700.0,9.0,0.0,0.0,0.0,1340.0,16.163,52.173,21.317,5.0,11910.0,0.0,0.0,0.0,0.0,1300.0,0.0,1822.0,0.0,92.0,6456.0,0.0,41.0,30.0,0.105,7.5171,20058035,0.0,193.3
519,Romania,2013,145.0,27603.0,0.0,37685.0,0.0,2906.0,0.0,0.0,666.0,14.0,213.0,9.0,0.0,12042.0,2379.0,19.0,0.0,0.0,0.0,1131.0,18.246,47.653,11.843,11.0,11347.0,0.0,0.0,0.0,269.0,1300.0,0.0,2773.0,0.0,92.0,6249.0,0.0,761.0,35.0,0.1323,7.9114,19983693,0.0,342.42
520,Romania,2014,163.0,24450.0,0.0,35479.0,0.0,2791.0,0.0,0.0,1471.0,1.0,255.0,217.0,0.0,9561.0,2300.0,22.0,0.0,35.0,0.0,1228.0,16.643,54.945,4.976,15.0,11228.0,0.05,0.0,0.0,265.0,1300.0,0.0,3244.0,1.0,92.0,6256.0,0.0,1293.0,79.0,0.129,8.5798,19908979,0.0,122.91
521,Romania,2015,153.0,23967.0,0.0,35388.0,0.0,2478.0,0.0,0.0,1448.0,3.0,428.0,251.0,0.0,9061.0,1993.0,5.0,0.0,3.0,0.0,1439.0,16.658,54.243,1.802,14.0,11114.0,0.05,0.0,0.0,279.0,1300.0,0.0,3130.0,1.0,92.0,6359.0,0.0,1326.0,104.0,0.1303,8.6513,19815616,0.0,0.0
522,Romania,2016,148.0,18667.0,0.0,38776.0,0.0,3601.0,0.0,0.0,1713.0,16.0,500.0,256.0,0.0,8792.0,2946.0,36.0,0.0,1.0,0.0,1309.0,19.478,57.326,13.025,16.0,10914.0,0.05,0.0,0.0,265.0,1300.0,0.0,3025.0,1.0,92.0,6377.0,0.0,1372.0,107.0,0.126,9.2248,19702267,0.0,0.0
523,Romania,2017,138.78,16399.7,0.0,37204.7,0.0,1769.84,0.0,0.0,1981.07,68.144,293.214,261.708,0.0,12554.5,3169.68,9.361,0.0,0.44,0.0,738.966,18.364,61.289,9.697,21.59,10925.59,0.05,0.0,0.0,272.29,1300.0,0.0,3029.8,0.82,91.5,6328.14,0.0,1374.13,118.88,0.1198,8.4119,19588715,0.0,0.0
524,Romania,2018,77.547,13589.7,0.0,33604.4,0.0,2392.32,0.0,0.0,1785.12,90.376,198.22,245.522,0.0,15778.4,3112.47,9.178,0.0,0.406,0.0,586.688,17.562,63.128,12.026,22.08,10880.07,0.05,0.0,0.0,267.61,1300.0,0.0,3032.26,1.01,91.5,6341.54,0.0,1385.82,119.28,0.1333,8.9029,19473970,15.76,0.0
525,Romania,2019,72.708,10474.7,0.0,31730.8,0.0,240.666,0.0,0.0,1814.41,123.666,232.828,243.027,0.0,12542.9,2998.51,17.497,0.0,0.0,0.0,954.351,22.038,65.367,23.175,20.08,8226.09,0.05,0.0,0.0,278.25,1300.0,0.0,3037.52,1.01,91.5,6316.45,0.0,1397.71,118.77,0.1358,9.637,19371648,0.0,0.0
526,Romania,2020,53.348,8004.62,0.0,32903.2,0.0,294.641,0.0,0.0,2541.53,108.04,310.118,255.311,0.0,10882.4,2865.54,1.22,0.0,0.0,0.0,869.217,22.0,64.642,16.63,29.53,7959.38,0.05,0.0,0.0,279.17,1300.0,0.0,3012.53,1.01,91.5,6281.63,0.0,1382.54,135.83,0.1459,8.998,19265250,0.0,0.0
527,Romania,2021,120.123,9413.04,0.0,32258.8,0.0,109.348,0.0,0.0,2809.41,73.474,362.477,260.813,0.0,12421.4,2667.61,2.433,0.0,0.0,0.0,744.924,23.206,68.208,22.797,31.65,6174.98,0.05,0.0,0.0,279.35,1300.0,0.0,3014.96,1.01,91.5,6291.35,0.0,1393.92,108.77,0.1536,8.7997,19122059,0.0,0.0
540,Slovakia,2011,138.0,11166.0,0.0,7089.0,2210.0,5286.0,63.0,0.0,2399.0,16.0,147.0,104.0,0.0,12971.0,0.0,251.0,0.0,48.0,2.0,1849.0,81.717,100.898,104.8,21.0,3183.0,0.0,0.0,0.0,0.0,1940.0,0.0,3.0,23.5,916.0,1607.0,2.5,496.0,171.0,0.1682,12.93,5398384,0.0,0.0
541,Slovakia,2012,112.0,8785.0,0.0,7340.0,2115.0,4786.0,63.0,0.0,5113.0,0.0,152.0,95.0,0.0,12237.0,24.0,178.0,0.0,48.0,2.0,2112.0,89.659,99.435,89.813,41.0,3199.0,0.0,0.0,0.0,0.0,1939.0,0.0,3.0,23.5,916.0,1606.0,2.5,513.0,169.0,0.1716,14.32,5407579,0.0,0.0
542,Slovakia,2013,117.0,9053.0,0.0,8904.0,2147.0,4412.0,68.0,0.0,4964.0,0.0,145.0,102.0,0.0,10244.0,13.0,218.0,0.0,27.0,1.0,2103.0,80.604,100.996,95.337,35.0,3213.0,0.0,0.0,0.0,0.0,1940.0,0.0,5.0,30.5,916.0,1607.0,2.5,533.0,176.0,0.1698,13.85,5413393,0.0,0.0
543,Slovakia,2014,329.0,7375.0,0.0,7417.0,1795.0,3930.0,47.0,0.0,3047.0,0.0,94.0,120.0,0.0,8868.0,9.0,57.0,0.0,0.0,1.0,1705.0,83.33,102.547,104.812,78.0,2815.0,0.0,0.0,0.0,0.0,1940.0,0.0,3.0,41.5,916.0,1607.0,5.5,533.0,153.0,0.1507,14.1,5418649,0.0,0.0
544,Slovakia,2015,473.0,6742.0,0.0,7717.0,1968.0,4582.0,49.0,0.0,3163.0,0.0,97.0,121.0,0.0,9898.0,2.0,34.0,0.0,0.0,1.0,1809.0,84.537,100.607,95.052,91.0,2496.0,0.0,0.0,0.0,0.0,1940.0,0.0,3.0,46.5,916.0,1606.0,5.5,533.0,145.0,0.1506,13.78,5423801,0.0,0.0
545,Slovakia,2016,471.0,8009.0,0.0,7621.0,1976.0,4623.0,55.0,0.0,3242.0,0.0,103.0,140.0,0.0,9103.0,26.0,67.0,0.0,62.0,2.0,2010.0,83.26,102.026,92.848,93.0,2438.0,0.0,0.0,0.0,0.0,1940.0,0.0,3.0,51.5,916.0,1608.0,9.5,533.0,150.0,0.1423,12.78,5430798,0.0,0.0
546,Slovakia,2017,544.0,8674.0,0.0,7984.0,2096.0,4903.0,67.0,0.0,3494.0,4.0,94.0,148.0,0.0,7609.0,4.0,40.0,12.0,34.0,1.0,2059.0,87.818,97.54,105.587,91.0,2383.0,0.0,0.0,0.0,0.0,1940.0,0.0,4.0,47.0,916.0,1607.0,6.0,528.0,149.0,0.1435,11.7,5439232,0.0,0.0
547,Slovakia,2018,589.0,8125.0,0.0,7602.0,1917.0,458.0,65.0,0.0,3342.0,5.0,77.0,159.0,0.0,7056.0,2.0,67.0,22.0,57.0,2.0,1751.0,91.865,101.251,89.556,89.0,2392.0,0.0,0.0,0.0,0.0,1940.0,0.0,3.0,47.0,916.0,1612.0,6.0,472.0,148.0,0.1566,11.868,5446771,0.0,0.0
548,Slovakia,2019,636.0,7433.0,0.0,7852.0,1882.0,388.0,63.0,0.0,3571.0,33.0,79.0,169.0,0.0,7204.0,2.0,125.0,5.0,63.0,2.0,1705.0,92.216,101.264,136.632,82.0,2397.0,0.0,0.0,0.0,0.0,1940.0,0.0,4.0,40.0,916.0,1611.0,6.0,590.0,138.0,0.1577,12.468,5454147,0.0,0.0
549,Slovakia,2020,686.0,6424.0,0.0,7840.0,1848.0,334.0,132.0,77.0,3679.0,38.0,48.0,181.0,0.0,7643.0,2.0,78.0,9.0,0.0,2.0,1721.0,86.166,101.986,88.052,82.0,2411.0,0.0,0.0,0.0,0.0,1971.0,0.0,4.0,32.0,916.0,1613.0,6.0,535.0,137.0,0.1686,12.704,5458827,0.0,0.0
550,Slovakia,2021,738.0,3867.0,0.0,9984.0,2009.0,423.0,134.0,84.0,4163.0,3.0,60.0,136.0,0.0,8524.0,2.0,111.0,10.0,0.0,2.0,2219.0,88.106,98.265,69.04,81.0,2133.0,0.0,0.0,0.0,0.0,2003.0,0.0,4.0,32.0,916.0,1615.0,6.0,537.0,163.0,0.1668,11.41,5447247,0.0,0.0
563,Slovenia,2011,229.0,5606.0,0.0,939.0,0.0,3.0,80.0,0.0,554.0,0.0,0.0,22.0,0.0,1910.0,144.0,0.0,0.0,0.0,0.0,233.0,17.532,99.703,99.767,21.0,1212.0,0.0,0.0,0.0,0.0,688.0,0.0,0.0,4.0,180.0,1073.0,0.0,57.0,33.0,0.1441,18.56,2052843,0.0,0.0
564,Slovenia,2012,391.0,5213.0,0.0,1002.0,0.0,0.0,80.0,0.0,492.0,0.0,0.0,22.0,0.0,1765.0,199.0,0.0,0.0,0.0,0.0,335.0,21.547,104.251,99.758,29.0,1206.0,0.0,0.0,0.0,0.0,688.0,0.0,2.0,2.0,180.0,1074.0,0.0,142.0,30.0,0.1542,22.16,2057159,0.0,0.0
565,Slovenia,2013,367.0,5297.0,3.0,959.0,0.0,0.0,106.0,0.0,517.0,0.0,0.0,23.0,0.0,1596.0,229.0,0.0,0.0,0.0,0.0,331.0,19.5,97.257,99.627,28.0,1195.0,0.0,1.0,0.0,0.0,688.0,0.0,2.0,2.0,180.0,1119.0,0.0,187.0,30.0,0.161,18.57,2059953,0.0,0.0
566,Slovenia,2014,353.0,4329.0,12.0,975.0,0.0,7.0,130.0,0.0,565.0,0.0,45.0,19.0,0.0,1286.0,215.0,0.0,0.0,0.0,0.0,247.0,21.564,97.686,99.588,31.0,1178.0,0.0,1.0,0.0,0.0,688.0,0.0,3.0,2.0,180.0,1116.0,0.0,223.0,30.0,0.163,18.54,2061980,0.0,0.0
567,Slovenia,2015,304.0,4706.0,13.0,1181.0,0.0,0.0,120.0,0.0,773.0,0.0,240.0,21.0,0.0,843.0,130.0,0.0,0.0,0.0,0.0,354.0,19.108,99.614,99.612,32.0,1068.0,0.0,1.0,0.0,0.0,688.0,0.0,3.0,2.0,180.0,1115.0,0.0,238.0,30.0,0.1589,17.48,2063531,0.0,0.0
568,Slovenia,2016,277.0,4960.0,9.0,1260.0,0.0,11.0,129.0,0.0,801.0,0.0,97.0,18.0,0.0,903.0,152.0,0.0,0.0,0.0,0.0,383.0,17.26,100.296,99.393,29.0,1256.0,0.0,1.0,0.0,0.0,688.0,0.0,3.0,2.0,180.0,1113.0,0.0,233.0,30.0,0.1618,16.65,2065042,0.0,0.0
569,Slovenia,2017,220.653,4941.23,17.882,1410.18,0.0,26.726,128.655,0.0,822.932,0.0,116.068,17.684,0.0,1129.97,171.886,0.0,0.0,0.0,0.0,447.354,17.357,103.178,99.028,27.4,1268.25,0.0,1.4,0.0,0.0,688.0,0.0,3.3,2.0,180.0,1166.63,0.0,246.8,33.0,0.1609,15.35,2066388,0.0,0.0
570,Slovenia,2018,220.596,4998.87,23.087,1554.05,0.0,38.071,131.576,0.0,779.609,0.0,44.543,19.348,0.0,940.35,130.142,0.0,0.0,0.0,0.0,435.131,18.875,99.24,98.119,27.0,1452.25,0.0,1.4,0.0,0.0,688.0,0.0,3.3,2.0,180.0,1163.43,0.0,246.8,32.0,0.1613,15.1814,2073894,0.0,0.0
571,Slovenia,2019,185.915,4333.27,19.134,1675.72,0.0,36.142,146.737,0.0,963.156,0.0,25.98,19.223,0.0,1119.71,107.616,0.0,0.0,0.0,0.0,511.017,20.082,101.441,99.201,25.0,1449.68,0.0,1.4,0.0,0.0,688.0,0.0,3.3,2.0,180.0,1170.72,0.0,277.88,34.0,0.1634,15.8903,2088385,0.0,0.0
572,Slovenia,2020,185.968,4271.52,20.099,1653.8,0.0,23.508,145.334,0.0,1162.75,0.0,44.916,18.999,0.0,1192.75,74.534,0.0,0.0,0.0,0.0,490.721,17.745,99.47,99.377,30.35,1447.72,0.0,1.4,0.0,0.0,688.0,0.0,3.3,2.0,180.0,1171.86,0.0,369.78,35.0,0.1448,16.2754,2102419,0.0,0.0
573,Slovenia,2021,155.203,4474.76,19.172,1675.89,0.0,27.065,150.277,0.0,1272.04,0.0,19.209,21.48,0.0,1566.51,144.407,0.0,0.0,0.0,0.0,559.334,10.975,99.554,99.44,30.0,1506.47,0.0,1.4,0.0,0.0,688.0,0.0,3.33,2.0,180.0,1172.06,0.0,461.16,36.0,0.1662,15.1826,2108079,0.0,0.0
586,Spain,2011,,,,,,,,,,,,,,,,,,,,,67.723,99.793,101.613,222.53,48681.51,0.0,0.0,0.3,3081.63,7450.0,0.0,21529.0,211.8,2453.45,13004.92,112.0,4283.0,558.17,0.1981,14.89,46742697,0.0,37.04
587,Spain,2012,,,,,,,,,,,,,,,,,,,,,74.799,96.758,98.246,232.99,48543.36,0.0,0.0,0.3,3081.63,7450.0,0.0,22789.0,211.8,2453.45,13014.92,112.0,4569.0,635.86,0.219,18.37,46773055,0.0,57.51
588,Spain,2013,,,,,,,,,,,,,,,,,,,,,66.306,97.355,98.619,242.98,48556.28,0.0,0.0,0.3,3081.63,6984.0,5.0,22953.0,216.8,3331.4,12771.97,117.0,4690.0,652.94,0.2228,20.34,46620045,0.0,0.0
589,Spain,2014,,,,,,,,,,,,,,,,,,,,,75.294,101.662,103.536,242.54,48536.72,0.0,0.0,0.3,3081.63,7399.0,5.0,22920.0,216.8,3331.4,12809.97,117.0,4697.0,672.94,0.2165,20.9,46480882,0.0,0.0
590,Spain,2015,,,,,,,,,,,,,,,,,,,,,75.387,102.151,96.89,245.24,48094.23,0.0,0.0,0.3,3081.63,7399.0,5.0,22938.0,221.1,3331.4,13639.97,117.0,4704.0,672.44,0.2309,20.32,46444832,28.36,0.0
591,Spain,2016,,,,,,,,,,,,,,,,,,,,,71.483,99.236,98.742,247.82,47195.65,0.0,0.0,4.8,3081.63,7399.0,5.0,22985.0,221.1,3331.4,13666.97,117.0,4713.0,672.44,0.2185,18.82,46484062,60.67,0.0
592,Spain,2017,,,,,,,,,,,,,,,,,,,,,84.556,97.849,101.292,251.11,45240.36,0.0,0.0,4.8,3081.63,7117.29,5.0,23119.48,225.1,3331.4,13665.97,121.0,4723.0,672.44,0.2296,18.52,46593236,32.94,539.07
593,Spain,2018,,,,,,,,,,,,,,,,,,,,,79.858,98.957,101.419,257.92,44833.38,0.0,6.41,4.8,3081.63,7117.29,5.0,23400.06,224.67,3331.4,13666.54,120.68,4763.61,672.44,0.2383,18.4751,46797754,436.54,188.54
594,Spain,2019,,,,,,,,,,,,,,,,,,,,,89.467,101.835,101.495,266.7,44414.41,0.0,6.41,4.8,3081.63,7117.29,5.0,25585.08,224.67,3331.4,13700.64,120.68,8807.2,718.44,0.2403,20.4438,47134837,0.0,503.73
595,Spain,2020,,,,,,,,,,,,,,,,,,,,,54.808,99.355,97.474,269.41,40336.3,0.0,6.41,4.8,3081.63,7117.29,5.0,26814.19,224.67,3331.4,13703.56,120.68,10135.59,867.85,0.2239,19.9309,47365655,688.74,126.78
596,Spain,2021,,,,,,,,,,,,,,,,,,,,,105.66,95.612,100.074,271.06,38316.72,0.0,6.41,4.8,3081.63,7117.29,5.0,27902.65,237.46,3331.4,13719.34,133.47,13715.2,867.18,0.2323,19.2038,47415794,0.0,279.46
609,Sweden,2011,305.0,16059.0,14.0,13377.0,0.0,3766.0,24522.0,17298.0,53895.0,377.0,1988.0,0.0,3182.0,640.0,3465.0,5254.0,13342.0,2151.0,0.0,29668.957,103.684,98.623,100.0,4.0,2493.0,0.0,528.0,0.15,0.0,9323.0,163.0,2601.0,366.5,99.0,16478.0,285.5,12.0,3397.0,0.2092,32.9372,9449213,0.0,60.98
610,Sweden,2012,240.0,14572.0,29.0,9394.0,0.0,3692.0,28204.0,19287.0,68166.0,228.001,1308.0,0.0,4160.0,689.0,2729.0,6144.0,14116.0,2034.0,0.0,33563.02,82.551,95.509,100.0,5.0,3531.0,0.0,528.0,0.15,0.0,9436.0,163.0,3443.0,483.5,99.0,16315.0,292.5,24.0,3522.0,0.2027,32.6035,9519374,0.0,0.0
611,Sweden,2013,255.0,15843.0,1362.0,9425.0,0.0,2280.0,30279.0,20623.0,67330.0,303.0,1589.0,0.0,2769.0,440.0,2168.0,4890.0,10354.0,1928.0,0.0,31205.0,89.742,100.436,100.0,5.0,3214.0,0.0,548.0,0.24,0.0,9408.0,212.0,3982.0,549.0,99.0,16395.0,340.0,43.0,3120.0,0.2101,34.088,9600379,0.0,51.65
612,Sweden,2014,201.0,12579.0,540.0,4900.0,0.0,1727.0,31413.0,22362.0,65393.0,169.0,1396.0,0.0,1609.0,329.0,1289.0,4611.0,13241.0,1765.0,0.0,29976.0,101.198,101.572,100.0,2.0,3174.0,0.0,522.0,0.19,0.0,9507.0,213.0,4875.0,419.5,99.0,15897.0,229.5,60.0,3729.0,0.1967,32.8982,9696110,0.0,44.71
613,Sweden,2015,149.0,11634.0,264.0,5394.0,0.0,1447.0,33653.0,24080.0,67591.0,125.0,1335.0,0.0,1504.0,362.0,1103.0,5246.0,12960.0,2419.0,0.0,29472.0,97.375,114.645,100.0,2.0,2516.0,0.0,576.0,0.19,0.0,9688.0,213.0,5606.0,519.0,99.0,16230.0,438.0,104.0,3700.0,0.1872,31.4312,9799186,0.0,0.0
614,Sweden,2016,146.0,10577.0,499.0,7499.0,0.0,2568.0,37813.0,21344.0,73915.002,128.0,1252.0,0.0,2003.0,275.0,1693.0,5876.0,11448.0,2357.0,0.0,29775.04,115.743,107.341,100.0,2.0,1892.0,0.0,515.0,0.19,0.0,9768.0,203.0,6232.0,753.5,99.0,16367.0,563.5,153.0,3769.0,0.1915,31.3541,9923085,0.0,14.15
615,Sweden,2017,138.0,11665.0,384.0,2973.0,0.0,1378.0,40294.0,22107.0,75708.925,297.0,1041.0,0.0,1372.0,221.0,1054.0,5559.0,10750.0,2360.0,0.0,29700.95,101.303,86.791,100.0,2.0,1863.0,0.0,547.0,0.19,99.0,8999.0,203.0,6408.0,757.0,0.0,16403.0,567.0,244.0,3706.0,0.1955,33.6762,10057698,0.0,586.39
616,Sweden,2018,130.0,13079.0,576.0,4370.0,0.0,1978.0,38056.0,20910.0,75312.0,187.0,595.0,0.0,2136.0,192.0,1208.0,5145.0,11214.0,2169.0,0.0,28699.0,100.52,90.63,100.0,2.0,2632.0,0.0,535.0,0.19,99.0,8656.0,203.0,7097.0,755.5,0.0,16332.0,565.5,428.0,3918.0,0.191,32.0246,10175214,0.0,0.0
617,Sweden,2019,217.0,8424.0,398.0,3119.0,0.0,1267.0,38883.0,21666.0,77543.0,252.0,386.0,0.0,2135.0,96.0,1141.0,6040.0,11430.0,2624.0,0.0,27938.0,103.209,106.841,100.0,2.0,2287.0,0.0,895.0,0.0,99.0,8624.0,203.0,8478.0,757.5,0.0,16363.0,567.5,714.0,3834.0,0.2033,32.8557,10278887,0.0,0.0
618,Sweden,2020,158.0,6110.0,293.0,839.0,0.0,680.0,40987.0,24555.0,65359.0,101.0,309.0,0.0,903.0,245.0,770.0,6665.0,12377.0,3247.0,0.0,25279.0,98.812,118.053,100.0,100.0,4119.0,0.0,895.0,0.0,99.0,7777.0,203.0,9773.0,622.5,0.0,16307.0,622.5,1107.0,2942.0,0.1914,36.1235,10353442,0.0,0.0
619,Sweden,2021,159.0,5799.0,1081.0,3070.0,0.0,1531.0,41251.0,23686.0,82962.0,62.0,368.0,0.0,3327.0,673.0,1453.0,7434.0,11689.0,3440.0,0.0,31872.0,94.197,72.424,100.0,100.0,3760.0,0.0,895.0,0.0,99.0,6899.0,193.0,11923.0,386.0,0.0,16308.0,386.0,1606.0,3093.0,0.2114,39.9512,10415811,0.0,21.58
